tag,title,display_type,color_display,touch_screen,curved_screen,battery_indicator,eliquid_indicator,smart_display,digital_display,hd_display,animated,backlit,link
priv-bar-turbo,Priv Bar Turbo-famous Dr. Pepper Flavor-Alaskan Mint-14 Assorted Flavors,False,False,False,False,True,False,False,False,False,False,False,https://vapewh.com/products/priv-bar-turbo
raz-ca6000-alaskan-mint-disposable-vape-6000-puffs,Raz CA6000 Alaskan Mint Disposable Vape 6000 Puffs,False,True,False,False,True,False,False,False,False,False,False,https://vapewh.com/products/raz-ca6000-alaskan-mint-disposable-vape-6000-puffs
ijoy-bar-sd22000-disposable,iJoy SD 22000 Disposable Vape 22k Puffs With 5% Nicotine,True,False,False,False,True,False,False,False,False,False,False,https://vapewh.com/products/ijoy-bar-sd22000-disposable
captain-10000-ijoy,iJoy Captain 10000 Vape | Free Shipping,False,True,False,False,True,True,False,False,False,False,False,https://vapewh.com/products/captain-10000-ijoy
ijoy-taijizen-judo-24000-blue-strawberry-coconut,iJoy TaijiZen Judo 24000 | Blue Strawberry Coconut,True,False,True,False,True,False,False,False,False,False,False,https://vapewh.com/products/ijoy-taijizen-judo-24000-blue-strawberry-coconut
geek-bar-pulse,Geek Bar Pulse Vape,False,True,False,False,True,True,False,False,False,False,False,https://vapewh.com/products/geek-bar-pulse
realio-vape-2-strawberry-banana,REALIO 2% | Strawberry Banana | NOT Icy| Rechargeable,False,False,False,False,False,False,False,False,False,False,False,https://vapewh.com/products/realio-vape-2-strawberry-banana
realio-vape-2-peach-watermelon,REALIO 2% | Peach Watermelon | NOT Icy| Rechargeable,False,False,False,False,False,False,False,False,False,False,False,https://vapewh.com/products/realio-vape-2-peach-watermelon
raz-ca6000-miami-mint,Raz CA6000 | Miami Mint,False,True,False,False,True,False,False,False,False,False,False,https://vapewh.com/products/raz-ca6000-miami-mint
fifty-bar-disposable-vape-5-blueberry-super-strudel,Blueberry Super Strudel,False,False,False,False,True,True,False,False,False,False,False,https://vapewh.com/products/fifty-bar-disposable-vape-5-blueberry-super-strudel
ijoy-sd-22000-disposable-froze-strawberry-cream,iJoy SD 22000 Disposable | Froze Strawberry Cream,True,False,False,False,True,False,False,False,False,False,False,https://vapewh.com/products/ijoy-sd-22000-disposable-froze-strawberry-cream
fuji-ice-bc5000,Fuji Ice BC5000,False,False,False,False,True,True,False,False,False,False,False,https://vapewh.com/products/fuji-ice-bc5000
realio-vape-2-cool-lemon,REALIO 2% | Cool Lemon | 5000 Real Puffs| Rechargeable,False,False,False,False,False,False,False,False,False,False,False,https://vapewh.com/products/realio-vape-2-cool-lemon
elf-bar-5000-puff-disposable-vape-bc5000,Elf Bar BC5000 Disposable Vape (5000 Puff),False,False,False,False,False,False,False,False,False,False,False,https://vapewh.com/products/elf-bar-5000-puff-disposable-vape-bc5000
ijoy-taijizen-judo-vape-24000,iJoy TaijiZen Judo 24000 Disposable Vape,True,False,True,False,True,False,False,False,False,False,False,https://vapewh.com/products/ijoy-taijizen-judo-vape-24000
fifty-bar-disposable-6500-puffs,Fifty Bar Disposable,False,False,False,False,True,True,False,False,False,False,False,https://vapewh.com/products/fifty-bar-disposable-6500-puffs
spaceman-nebula,Spaceman Nebula 25K Plus Disposable Vape 5% Nicotine,True,False,False,False,True,False,False,False,False,False,False,https://vapewh.com/products/spaceman-nebula
fire-xl-6000-puff-disposable-vape,Fire XL 6000 Puff Disposable Vape,True,False,False,False,True,True,False,False,False,False,False,https://vapewh.com/products/fire-xl-6000-puff-disposable-vape
ijoy-bar-smart-vape-8000-puffs-free-ship-promo,iJOY Bar Smart Vape | 8000 Puffs,True,True,False,False,True,True,True,True,False,False,False,https://vapewh.com/products/ijoy-bar-smart-vape-8000-puffs-free-ship-promo
vozol-vape,Vozol Vape,False,False,False,False,True,False,False,False,False,False,False,https://vapewh.com/products/vozol-vape
realio-vape-5-strawberry-banana,REALIO 5% | Strawberry Banana | 5000 Real Puffs| Rechargeable,False,False,False,False,False,False,False,False,False,False,False,https://vapewh.com/products/realio-vape-5-strawberry-banana
realio-vape-2-vanilla-whip,REALIO 2% | Vanilla Whip | NOT Icy| Rechargeable,False,False,False,False,False,False,False,False,False,False,False,https://vapewh.com/products/realio-vape-2-vanilla-whip
realio-vape-5-peach-watermelon,REALIO 5% | Peach Watermelon | 5000 Real Puffs| Rechargeable,False,False,False,False,False,False,False,False,False,False,False,https://vapewh.com/products/realio-vape-5-peach-watermelon
realio-vape-5-cool-lemon,REALIO 5% | Cool Lemon | 5000 Real Puffs| Rechargeable,False,False,False,False,False,False,False,False,False,False,False,https://vapewh.com/products/realio-vape-5-cool-lemon
realio-vape-2-cool-grape,REALIO 2% | Cool Grape | 5000 Real Puffs| Rechargeable,False,False,False,False,False,False,False,False,False,False,False,https://vapewh.com/products/realio-vape-2-cool-grape
spree-bar-replaceable-flavor-pods,Spree Bar Metatine Pod | Free Shipping | $11.99,False,True,False,False,True,True,False,False,False,False,False,https://vapewh.com/products/spree-bar-replaceable-flavor-pods
lost-vape-orion-bar-disposable-7500-puffs,Lost Vape Orion Bar Disposable 7500 Puffs,False,False,False,False,True,True,False,False,False,False,False,https://vapewh.com/products/lost-vape-orion-bar-disposable-7500-puffs
ijoy-captain-10000-vape-grape-honeydew,iJoy Captain 10000 Vape | Grape Honeydew,False,True,False,False,True,True,False,False,False,False,False,https://vapewh.com/products/ijoy-captain-10000-vape-grape-honeydew
ijoy-sd-22000-disposable-apple-gummies,iJoy SD 22000 Disposable | Apple Gummies,True,False,False,False,True,False,False,False,False,False,False,https://vapewh.com/products/ijoy-sd-22000-disposable-apple-gummies
ijoy-sd-22000-disposable-cherry-berry,iJoy SD 22000 Disposable | Cherry Berry,True,False,False,False,True,False,False,False,False,False,False,https://vapewh.com/products/ijoy-sd-22000-disposable-cherry-berry
ijoy-sd-22000-disposable-grape-jelly,iJoy SD 22000 Disposable | Grape Jelly,True,False,False,False,True,False,False,False,False,False,False,https://vapewh.com/products/ijoy-sd-22000-disposable-grape-jelly
ijoy-sd-22000-iced-peach-colada,iJoy SD 22000 | Iced Peach Colada,True,False,False,False,True,False,False,False,False,False,False,https://vapewh.com/products/ijoy-sd-22000-iced-peach-colada
ijoy-sd-22000-juicy-peach-mango,iJoy SD 22000 | Juicy Mango Peach,True,False,False,False,True,False,False,False,False,False,False,https://vapewh.com/products/ijoy-sd-22000-juicy-peach-mango
geek-bar-skyview,Geek Bar Skyview 25K Puffs Disposable Vape | 5% Nicotine,True,True,False,False,True,True,True,False,False,False,False,https://vapewh.com/products/geek-bar-skyview
geek-bar-pulse-x,Geek Bar Pulse X 25000 Disposable Vape - 5% Nicotine,False,True,False,True,True,True,False,False,False,False,False,https://vapewh.com/products/geek-bar-pulse-x
raz-dc25000-disposable-vape,RAZ DC25000 Disposable Vape | 25k Puffs,False,True,False,False,True,True,False,False,False,False,False,https://vapewh.com/products/raz-dc25000-disposable-vape
raz-vape-tn9000-disposable,RAZ Vape TN9000 Disposable,False,True,False,False,True,True,False,False,True,False,False,https://vapewh.com/products/raz-vape-tn9000-disposable
realio-1,REALIO 2% or 5%- 5000 Real Puffs-Rechargeable-Crafted Flavors-Icy & Non Icy,False,False,False,False,False,False,False,False,False,False,False,https://vapewh.com/products/realio-1
wave-turbo-disposable-vape,Wave Turbo Vape 25K Disposable - Dual Mode - 5% nicotine,False,False,False,False,True,True,False,False,False,False,False,https://vapewh.com/products/wave-turbo-disposable-vape
lost-mary-mt15000turbo-rechargeable-disposable,Lost Mary MT15000 Turbo Disposable Vape,False,False,False,False,False,False,False,False,False,False,False,https://vapewh.com/products/lost-mary-mt15000turbo-rechargeable-disposable
realio-4-5000-real-puffs-crafted-flavors,REALIO Tobacco-5000 REAL Puffs-USA Made| Rechargeable,False,False,False,False,False,False,False,False,False,False,False,https://vapewh.com/products/realio-4-5000-real-puffs-crafted-flavors
air-bar-diamond-box-vape-1,Air Bar Diamond Box 20000 Puffs Disposable Vape,True,False,False,False,True,True,False,False,False,False,False,https://vapewh.com/products/air-bar-diamond-box-vape-1
solaris-vape,Solaris Vape,False,True,False,False,True,True,False,False,True,True,False,https://vapewh.com/products/solaris-vape
lost-mary-vape-by-elf-bar-mo5000,Lost Mary MO5000 Vape,True,False,False,False,True,False,False,False,False,False,False,https://vapewh.com/products/lost-mary-vape-by-elf-bar-mo5000
again-u-bar-7000-puff-3,Again U-Bar 7000 Puff 3% Vape,False,False,False,False,True,False,False,False,False,False,False,https://vapewh.com/products/again-u-bar-7000-puff-3
lost-mary-mt15000-turbo-blue-razz-dragonfruit,Blue Razz Dragonfruit | Lost Mary MT15000 Turbo,False,False,False,False,False,False,False,False,False,False,False,https://vapewh.com/products/lost-mary-mt15000-turbo-blue-razz-dragonfruit
lost-mary-mt15000-turbo-nana-coconut,Nana Coconut | Lost Mary MT15000 Turbo,False,False,False,False,False,False,False,False,False,False,False,https://vapewh.com/products/lost-mary-mt15000-turbo-nana-coconut
lost-mary-os5000-x-elf-bar-disposable-vape,Lost Mary OS5000 Vape,False,True,False,False,True,False,False,False,False,False,False,https://vapewh.com/products/lost-mary-os5000-x-elf-bar-disposable-vape
lost-mary-mt15000-turbo-grapefruit-berries,Grapefruit Berries | Lost Mary MT15000 Turbo,False,False,False,False,False,False,False,False,False,False,False,https://vapewh.com/products/lost-mary-mt15000-turbo-grapefruit-berries
lost-mary-mt15000-turbo-baja-splash,Baja Splash | Lost Mary MT15000 Turbo,False,False,False,False,False,False,False,False,False,False,False,https://vapewh.com/products/lost-mary-mt15000-turbo-baja-splash
apoc,APOC Tik Pod 3% Nicotine | Enhanced version of U-Bar | Free Ship,False,False,False,False,True,True,False,False,False,False,False,https://vapewh.com/products/apoc
lost-mary-mt15000-turbo-grape-apple,Grape Apple | Lost Mary MT15000 Turbo,False,False,False,False,False,False,False,False,False,False,False,https://vapewh.com/products/lost-mary-mt15000-turbo-grape-apple
lost-mary-mt15000-turbo-berry-burst,Berry Burst | Lost Mary MT15000 Turbo,False,False,False,False,False,False,False,False,False,False,False,https://vapewh.com/products/lost-mary-mt15000-turbo-berry-burst
lost-mary-mt15000-turbo-citrus-sunrise,Citrus Sunrise | Lost Mary MT15000 Turbo,False,False,False,False,False,False,False,False,False,False,False,https://vapewh.com/products/lost-mary-mt15000-turbo-citrus-sunrise
fire-12000-vape,Fire Boost 12000 Puff Disposable Vape,False,True,False,False,False,False,False,False,False,False,False,https://vapewh.com/products/fire-12000-vape
lost-mary-mt15000-turbo-blue-razz-ice,Blue Razz Ice | Lost Mary MT15000 Turbo,False,False,False,False,False,False,False,False,False,False,False,https://vapewh.com/products/lost-mary-mt15000-turbo-blue-razz-ice
lucid-boost-x-yogi,Lucid Boost x Yogi,False,False,False,False,True,True,False,False,True,True,False,https://vapewh.com/products/lucid-boost-x-yogi
lost-mary-mt15000-turbo-peach,Peach+ | Lost Mary MT15000 Turbo,False,False,False,False,False,False,False,False,False,False,False,https://vapewh.com/products/lost-mary-mt15000-turbo-peach
ijoy-uranus-25k-puffs-disposable,iJoy Uranus 25K Puffs Disposable Vape,False,True,False,False,True,False,True,False,True,False,False,https://vapewh.com/products/ijoy-uranus-25k-puffs-disposable
lost-mary-mt15000-turbo-raspberry-banana,Raspberry Banana | Lost Mary MT15000 Turbo,False,False,False,False,False,False,False,False,False,False,False,https://vapewh.com/products/lost-mary-mt15000-turbo-raspberry-banana
lost-mary-mt15000-turbo-rocket-popsicle-nbsp,Rocket Popsicle | Lost Mary MT15000 Turbo,False,False,False,False,False,False,False,False,False,False,False,https://vapewh.com/products/lost-mary-mt15000-turbo-rocket-popsicle-nbsp
lost-mary-mt15000-turbo-strawberry-banana,Strawberry Banana | Lost Mary MT15000 Turbo,False,False,False,False,False,False,False,False,False,False,False,https://vapewh.com/products/lost-mary-mt15000-turbo-strawberry-banana
lost-mary-mt15000-turbo-watermelon-ice,Watermelon Ice | Lost Mary MT15000 Turbo,False,False,False,False,False,False,False,False,False,False,False,https://vapewh.com/products/lost-mary-mt15000-turbo-watermelon-ice
lost-mary-mt15000-turbo-winter-mint,Winter Mint | Lost Mary MT15000 Turbo,False,False,False,False,False,False,False,False,False,False,False,https://vapewh.com/products/lost-mary-mt15000-turbo-winter-mint
mint-realio-vape-2-5,REALIO 2% | Mint | 5000 Real Puffs| Rechargeable,False,False,False,False,False,False,False,False,False,False,False,https://vapewh.com/products/mint-realio-vape-2-5
realio-vape-4-sky-tobacco,REALIO-Sly Tobacco-Sweet flavor-4%| Rechargeable,False,False,False,False,False,False,False,False,False,False,False,https://vapewh.com/products/realio-vape-4-sky-tobacco
realio-vape-4-virginia-tobacco,REALIO-Virginia Tobacco-Dry flavor-4%| Rechargeable,False,False,False,False,False,False,False,False,False,False,False,https://vapewh.com/products/realio-vape-4-virginia-tobacco
realio-vape-5-mint,REALIO 5% | Mint | 5000 Real Puffs| Rechargeable,False,False,False,False,False,False,False,False,False,False,False,https://vapewh.com/products/realio-vape-5-mint
realio-vape-5-vanilla-whip,REALIO 5% | Vanilla Whip | 5000 Real Puffs| Rechargeable,False,False,False,False,False,False,False,False,False,False,False,https://vapewh.com/products/realio-vape-5-vanilla-whip
realio-vape-5-cool-grape,REALIO 5% | Cool Grape | 5000 Real Puffs| Rechargeable,False,False,False,False,False,False,False,False,False,False,False,https://vapewh.com/products/realio-vape-5-cool-grape
raz-ca6000-6000-puff-disposable-vape,Raz CA6000 Disposable Vape [6000 Puffs],False,True,False,False,True,False,False,False,False,False,False,https://vapewh.com/products/raz-ca6000-6000-puff-disposable-vape
hyde-mintopia-disposable-vape,MiNTOPiA Vape 6000 Puffs Vape,False,False,False,False,True,True,False,True,False,False,False,https://vapewh.com/products/hyde-mintopia-disposable-vape
realio-dessert,"REALIO Dessert Vape 2%,5%",True,False,False,False,True,True,False,False,False,False,False,https://vapewh.com/products/realio-dessert
skittles-again-u-bar-7000-puff-3-vape,Skittles Again U-Bar 7000 Puff 3% Vape,False,False,False,False,True,False,False,False,False,False,False,https://vapewh.com/products/skittles-again-u-bar-7000-puff-3-vape
pineapple-coconut-again-u-bar-7000-puff-3-vape,Pineapple Coconut Again U-Bar 7000 Puff 3% Vape,False,False,False,False,True,False,False,False,False,False,False,https://vapewh.com/products/pineapple-coconut-again-u-bar-7000-puff-3-vape
watermelon-strawberry-again-u-bar-7000-puff-3-vape,Watermelon Strawberry Again U-Bar 7000 Puff 3% Vape,False,False,False,False,True,False,False,False,False,False,False,https://vapewh.com/products/watermelon-strawberry-again-u-bar-7000-puff-3-vape
strawberry-yogurt-ice-again-u-bar-7000-puff-3-vape,Strawberry Yogurt Ice Again U-Bar 7000 Puff 3% Vape,False,False,False,False,True,False,False,False,False,False,False,https://vapewh.com/products/strawberry-yogurt-ice-again-u-bar-7000-puff-3-vape
triple-mango-again-u-bar-7000-puff-3-vape,Triple Mango Again U-Bar 7000 Puff 3% Vape,False,False,False,False,True,False,False,False,False,False,False,https://vapewh.com/products/triple-mango-again-u-bar-7000-puff-3-vape
caramel-coke-again-u-bar-7000-puff-3-vape,Caramel Coke Again U-Bar 7000 Puff 3% Vape,False,False,False,False,True,False,False,False,False,False,False,https://vapewh.com/products/caramel-coke-again-u-bar-7000-puff-3-vape
chocolate-mint-again-u-bar-7000-puff-3-vape,Chocolate Mint Again U-Bar 7000 Puff 3% Vape,False,False,False,False,True,False,False,False,False,False,False,https://vapewh.com/products/chocolate-mint-again-u-bar-7000-puff-3-vape
apple-orange-again-u-bar-7000-puff-3-vape,Apple Orange Again U-Bar 7000 Puff 3% Vape,False,False,False,False,True,False,False,False,False,False,False,https://vapewh.com/products/apple-orange-again-u-bar-7000-puff-3-vape
lost-mary-mo20000-pro-vape,"Lost Mary MO20000 Pro Disposable Vape - 20,000 Puffs, 5% Nicotine",True,True,False,False,True,True,False,False,False,False,False,https://vapewh.com/products/lost-mary-mo20000-pro-vape
realio-vape-4-clear-tobacco,REALIO-Clear Tobacco-Icy flavor-4%| Rechargeable,False,False,False,False,False,False,False,False,False,False,False,https://vapewh.com/products/realio-vape-4-clear-tobacco
juice-head-maxx-10000,Juice Head Maxx Vape 10K Disposable,False,True,False,False,True,True,True,False,False,False,False,https://vapewh.com/products/juice-head-maxx-10000
raz-dc25000-strawberry-orange-tang,RAZ DC25000 | Strawberry Orange Tang,False,True,False,False,True,True,False,False,False,False,False,https://vapewh.com/products/raz-dc25000-strawberry-orange-tang
raz-dc25000-strawberry-burst,RAZ DC25000 | Strawberry Burst,False,True,False,False,True,True,False,False,False,False,False,https://vapewh.com/products/raz-dc25000-strawberry-burst
raz-dc25000-bangin-sour-berries,RAZ DC25000 | Bangin Sour Berries,False,True,False,False,True,True,False,False,False,False,False,https://vapewh.com/products/raz-dc25000-bangin-sour-berries
raz-dc25000-wintergreen,RAZ DC25000 | Wintergreen,False,True,False,False,True,True,False,False,False,False,False,https://vapewh.com/products/raz-dc25000-wintergreen
raz-dc25000-sour-watermelon-peach,RAZ DC25000 | Sour Watermelon Peach,False,True,False,False,True,True,False,False,False,False,False,https://vapewh.com/products/raz-dc25000-sour-watermelon-peach
raz-dc25000-iced-blue-dragon,RAZ DC25000 | Iced Blue Dragon,False,True,False,False,True,True,False,False,False,False,False,https://vapewh.com/products/raz-dc25000-iced-blue-dragon
raz-dc25000-sour-apple-watermelon,RAZ DC25000 | Sour Apple Watermelon,False,True,False,False,True,True,False,False,False,False,False,https://vapewh.com/products/raz-dc25000-sour-apple-watermelon
raz-dc25000-raspberry-limeade,RAZ DC25000 | Raspberry Limeade,False,True,False,False,True,True,False,False,False,False,False,https://vapewh.com/products/raz-dc25000-raspberry-limeade
raz-dc25000-blueberry-watermelon,RAZ DC25000 | Blueberry Watermelon,False,True,False,False,True,True,False,False,False,False,False,https://vapewh.com/products/raz-dc25000-blueberry-watermelon
raz-dc25000-night-crawler,RAZ DC25000 | Night Crawler,False,True,False,False,True,True,False,False,False,False,False,https://vapewh.com/products/raz-dc25000-night-crawler
true-story-20k-disposable-vape,True Story 20K Disposable Vape - 5% Nicotine,False,False,False,False,False,False,False,False,False,False,False,https://vapewh.com/products/true-story-20k-disposable-vape
raz-dc25000-watermelon-ice,RAZ DC25000 | Watermelon Ice,False,True,False,False,True,True,False,False,False,False,False,https://vapewh.com/products/raz-dc25000-watermelon-ice
raz-dc25000-peach-delight,RAZ DC25000 | Georgia Peach,False,True,False,False,True,True,False,False,False,False,False,https://vapewh.com/products/raz-dc25000-peach-delight
raz-dc25000-miami-mint,RAZ DC25000 | Miami Mint,False,True,False,False,True,True,False,False,False,False,False,https://vapewh.com/products/raz-dc25000-miami-mint
raz-dc25000-cherry-lemon,RAZ DC25000 | Cherry Strapple,False,True,False,False,True,True,False,False,False,False,False,https://vapewh.com/products/raz-dc25000-cherry-lemon
raz-dc25000-blue-raz-ice-1,RAZ DC25000 | Blue Raz Ice,False,True,False,False,True,True,False,False,False,False,False,https://vapewh.com/products/raz-dc25000-blue-raz-ice-1
morfbar-20k-puff-disposable,Morf Bar Touch 20000 Puffs Disposable,True,True,True,False,True,False,False,False,False,False,False,https://vapewh.com/products/morfbar-20k-puff-disposable
nexa-n20000,Nexa Vape N20000 Disposable,False,False,False,False,True,False,False,False,False,False,False,https://vapewh.com/products/nexa-n20000
hqd-glaze-15000-puff,HQD Cuvie Glaze 5% 15000 Puff,True,True,False,False,True,True,True,False,False,False,False,https://vapewh.com/products/hqd-glaze-15000-puff
gummy-bear-fire-xl-6000-puff-disposable-vape,Gummy Bear Fire XL 6000 Puff Disposable Vape,True,False,False,False,True,True,False,False,False,False,False,https://vapewh.com/products/gummy-bear-fire-xl-6000-puff-disposable-vape
pina-colada-fire-xl-6000-puff-disposable-vape,Pina Colada Fire XL 6000 Puff Disposable Vape,True,False,False,False,True,True,False,False,False,False,False,https://vapewh.com/products/pina-colada-fire-xl-6000-puff-disposable-vape
watermelon-mint-fire-xl-6000-puff-disposable-vape,Watermelon Mint Fire XL 6000 Puff Disposable Vape,True,False,False,False,True,True,False,False,False,False,False,https://vapewh.com/products/watermelon-mint-fire-xl-6000-puff-disposable-vape
kado-bar-kb10000,KADOBAR 10000 Vape,False,False,False,False,True,True,True,False,False,False,False,https://vapewh.com/products/kado-bar-kb10000
sv15000-vape-15000-puffs,Binaries SV15000 Vape | Free Shipping,True,False,False,False,True,True,False,False,False,False,False,https://vapewh.com/products/sv15000-vape-15000-puffs
pod-pocket-7500-puff-disposable-vape-free-shipping-at-vapewh,Pod Pocket 7500 Puff Disposable Vape | Free Shipping at VapeWH,False,False,False,False,True,True,False,False,False,False,False,https://vapewh.com/products/pod-pocket-7500-puff-disposable-vape-free-shipping-at-vapewh
strawberry-minty-os-mintopia-6000-disposable-vape,Strawberry Minty O's MiNTOPiA Vape 6000 Puffs,False,False,False,False,True,True,False,True,False,False,False,https://vapewh.com/products/strawberry-minty-os-mintopia-6000-disposable-vape
peach-minty-os-mintopia-6000-disposable-vape,Peach Minty O's MiNTOPiA Vape 6000 Puffs,False,False,False,False,True,True,False,True,False,False,False,https://vapewh.com/products/peach-minty-os-mintopia-6000-disposable-vape
blueberry-minty-os-mintopia-6000-disposable-vape,Blueberry Minty O's MiNTOPiA Vape 6000 Puffs,False,False,False,False,True,True,False,True,False,False,False,https://vapewh.com/products/blueberry-minty-os-mintopia-6000-disposable-vape
grape-minty-os-mintopia-6000-disposable-vape,Grape Minty O's MiNTOPiA Vape 6000 Puffs,False,False,False,False,True,True,False,True,False,False,False,https://vapewh.com/products/grape-minty-os-mintopia-6000-disposable-vape
peppermint-minty-os-mintopia-6000-disposable-vape,Peppermint Minty O's MiNTOPiA Vape 6000 Puffs,False,False,False,False,True,True,False,True,False,False,False,https://vapewh.com/products/peppermint-minty-os-mintopia-6000-disposable-vape
original-minty-os-mintopia-6000-disposable-vape,Minty O's MiNTOPiA Vape 6000 Puffs,False,False,False,False,True,True,False,True,False,False,False,https://vapewh.com/products/original-minty-os-mintopia-6000-disposable-vape
blue-razz-ice-ijoy-bar-smart-vape-8000-puffs,Blue Razz Ice iJOY Bar Smart Vape | 8000 Puffs,True,True,False,False,True,True,True,True,False,False,False,https://vapewh.com/products/blue-razz-ice-ijoy-bar-smart-vape-8000-puffs
cherry-cola-ijoy-bar-smart-vape-8000-puffs,Cherry Cola iJOY Bar Smart Vape | 8000 Puffs,True,True,False,False,True,True,True,True,False,False,False,https://vapewh.com/products/cherry-cola-ijoy-bar-smart-vape-8000-puffs
cherry-lemon-ijoy-bar-smart-vape-8000-puffs,Cherry Lemon iJOY Bar Smart Vape | 8000 Puffs,True,True,False,False,True,True,True,True,False,False,False,https://vapewh.com/products/cherry-lemon-ijoy-bar-smart-vape-8000-puffs
guava-kiwi-passion-fruit-ijoy-bar-smart-vape-8000-puffs,Guava Kiwi Passion Fruit iJOY Bar Smart Vape | 8000 Puffs,True,True,False,False,True,True,True,True,False,False,False,https://vapewh.com/products/guava-kiwi-passion-fruit-ijoy-bar-smart-vape-8000-puffs
mango-melon-blueberries-ijoy-bar-smart-vape-8000-puffs,Mango Melon Blueberries iJOY Bar Smart Vape | 8000 Puffs,True,True,False,False,True,True,True,True,False,False,False,https://vapewh.com/products/mango-melon-blueberries-ijoy-bar-smart-vape-8000-puffs
mint-ijoy-bar-smart-vape-8000-puffs,Mint iJOY Bar Smart Vape | 8000 Puffs,True,True,False,False,True,True,True,True,False,False,False,https://vapewh.com/products/mint-ijoy-bar-smart-vape-8000-puffs
peach-mango-watermelon-ijoy-bar-smart-vape-8000-puffs,Peach Mango Watermelon iJOY Bar Smart Vape | 8000 Puffs,True,True,False,False,True,True,True,True,False,False,False,https://vapewh.com/products/peach-mango-watermelon-ijoy-bar-smart-vape-8000-puffs
pomelo-pearl-grape-ijoy-bar-smart-vape-8000-puffs,Pomelo Pearl Grape iJOY Bar Smart Vape | 8000 Puffs,True,True,False,False,True,True,True,True,False,False,False,https://vapewh.com/products/pomelo-pearl-grape-ijoy-bar-smart-vape-8000-puffs
strawberry-mango-ijoy-bar-smart-vape-8000-puffs,Strawberry Mango iJOY Bar Smart Vape | 8000 Puffs,True,True,False,False,True,True,True,True,False,False,False,https://vapewh.com/products/strawberry-mango-ijoy-bar-smart-vape-8000-puffs
triple-berry-ijoy-bar-smart-vape-8000-puffs,Triple Berry iJOY Bar Smart Vape | 8000 Puffs,True,True,False,False,True,True,True,True,False,False,False,https://vapewh.com/products/triple-berry-ijoy-bar-smart-vape-8000-puffs
banana-cake-ijoy-bar-smart-vape-8000-puffs,Banana Cake iJOY Bar Smart Vape | 8000 Puffs,True,True,False,False,True,True,True,True,False,False,False,https://vapewh.com/products/banana-cake-ijoy-bar-smart-vape-8000-puffs
strawberry-banana-kadobar-10000-vape,Strawberry Banana KADOBAR 10000 Vape,False,False,False,False,True,True,True,False,False,False,False,https://vapewh.com/products/strawberry-banana-kadobar-10000-vape
strawberry-ice-captain-10000-vape-by-ijoy-free-shipping,Strawberry Ice Captain 10000 Vape by iJOY,False,True,False,False,True,True,False,False,False,False,False,https://vapewh.com/products/strawberry-ice-captain-10000-vape-by-ijoy-free-shipping
blankz-fireball-disposable-1500-puffs,Fireball Disposable-Spicy Flavor-USA Made,False,False,False,False,False,False,False,False,False,False,False,https://vapewh.com/products/blankz-fireball-disposable-1500-puffs
raz-vape-tn9000-banana-coconut,RAZ Vape TN9000 | Banana Coconut,False,True,False,False,True,True,False,False,True,False,False,https://vapewh.com/products/raz-vape-tn9000-banana-coconut
raz-vape-tn9000-blue-raz-ice,RAZ Vape TN9000 | Blue Raz Ice,False,True,False,False,True,True,False,False,True,False,False,https://vapewh.com/products/raz-vape-tn9000-blue-raz-ice
raz-vape-tn9000-blueberry-watermelon,RAZ Vape TN9000 | Blueberry Watermelon,False,True,False,False,True,True,False,False,True,False,False,https://vapewh.com/products/raz-vape-tn9000-blueberry-watermelon
raz-vape-tn9000-cherry-lemon,RAZ Vape TN9000 | Cherry Lemon,False,True,False,False,True,True,False,False,True,False,False,https://vapewh.com/products/raz-vape-tn9000-cherry-lemon
raz-vape-tn9000-dragon-fruit-lemonade,RAZ Vape TN9000 | Dragon Fruit Lemonade,False,True,False,False,True,True,False,False,True,False,False,https://vapewh.com/products/raz-vape-tn9000-dragon-fruit-lemonade
raz-vape-tn9000-graham-twist,RAZ Vape TN9000 | Graham Twist,False,True,False,False,True,True,False,False,True,False,False,https://vapewh.com/products/raz-vape-tn9000-graham-twist
raz-vape-tn9000-georgia-peach,RAZ Vape TN9000 | Georgia Peach,False,True,False,False,True,True,False,False,True,False,False,https://vapewh.com/products/raz-vape-tn9000-georgia-peach
raz-vape-tn9000-grape-ice,RAZ Vape TN9000 | Grape Ice,False,True,False,False,True,True,False,False,True,False,False,https://vapewh.com/products/raz-vape-tn9000-grape-ice
raz-vape-tn9000-mango-colada,RAZ Vape TN9000 | Mango Colada,False,True,False,False,True,True,False,False,True,False,False,https://vapewh.com/products/raz-vape-tn9000-mango-colada
raz-vape-tn9000-miami-mint,RAZ Vape TN9000 | Miami Mint,False,True,False,False,True,True,False,False,True,False,False,https://vapewh.com/products/raz-vape-tn9000-miami-mint
raz-vape-tn9000-night-crawler,RAZ Vape TN9000 | Night Crawler,False,True,False,False,True,True,False,False,True,False,False,https://vapewh.com/products/raz-vape-tn9000-night-crawler
raz-vape-tn9000-peach-grapefruit,RAZ Vape TN9000 | Peach Grapefruit,False,True,False,False,True,True,False,False,True,False,False,https://vapewh.com/products/raz-vape-tn9000-peach-grapefruit
raz-vape-tn9000-polar-ice,RAZ Vape TN9000 | Polar Ice,False,True,False,False,True,True,False,False,True,False,False,https://vapewh.com/products/raz-vape-tn9000-polar-ice
strawberry-ice-raz-vape-tn9000-disposable,RAZ Vape TN9000 | Strawberry Ice,False,True,False,False,True,True,False,False,True,False,False,https://vapewh.com/products/strawberry-ice-raz-vape-tn9000-disposable
raz-vape-tn9000-triple-berry-ice,RAZ Vape TN9000 | Triple Berry Ice,False,True,False,False,True,True,False,False,True,False,False,https://vapewh.com/products/raz-vape-tn9000-triple-berry-ice
raz-vape-tn9000-watermelon-ice,RAZ Vape TN9000 | Watermelon Ice,False,True,False,False,True,True,False,False,True,False,False,https://vapewh.com/products/raz-vape-tn9000-watermelon-ice
raz-vape-tn9000-black-cherry-peach,RAZ Vape TN9000 | Black Cherry Peach,False,True,False,False,True,True,False,False,True,False,False,https://vapewh.com/products/raz-vape-tn9000-black-cherry-peach
raz-vape-tn9000-orange-raspberry,RAZ Vape TN9000 | Orange Raspberry,False,True,False,False,True,True,False,False,True,False,False,https://vapewh.com/products/raz-vape-tn9000-orange-raspberry
raz-vape-tn9000-pineapple-passionfruit-guava,RAZ Vape TN9000 | Pineapple Passionfruit Guava,False,True,False,False,True,True,False,False,True,False,False,https://vapewh.com/products/raz-vape-tn9000-pineapple-passionfruit-guava
raz-vape-tn9000-tobacco,RAZ Vape TN9000 | Tobacco,False,True,False,False,True,True,False,False,True,False,False,https://vapewh.com/products/raz-vape-tn9000-tobacco
raz-vape-tn9000-strawberry-shortcake,RAZ Vape TN9000 | Strawberry Shortcake,False,True,False,False,True,True,False,False,True,False,False,https://vapewh.com/products/raz-vape-tn9000-strawberry-shortcake
strawberry-banana-bc5000,Strawberry Banana BC5000,False,False,False,False,False,True,False,False,False,False,False,https://vapewh.com/products/strawberry-banana-bc5000
miami-mint-bc5000,Miami Mint BC5000,False,True,False,False,True,True,False,False,False,False,False,https://vapewh.com/products/miami-mint-bc5000
blue-razz-ice-bc5000,Blue Razz Ice BC5000,False,False,False,False,True,True,False,False,False,False,False,https://vapewh.com/products/blue-razz-ice-bc5000
strawberry-watermelon-bc5000,Strawberry Watermelon BC5000,False,False,False,False,False,True,False,False,False,False,False,https://vapewh.com/products/strawberry-watermelon-bc5000
pineapple-coconut-ice-bc5000,Pineapple Coconut Ice BC5000,False,False,False,False,True,True,False,False,False,False,False,https://vapewh.com/products/pineapple-coconut-ice-bc5000
strawberry-kiwi-bc5000,Strawberry Kiwi BC5000,False,True,False,False,False,True,False,False,False,False,False,https://vapewh.com/products/strawberry-kiwi-bc5000
strawberry-pina-colada-bc5000,Strawberry Pina Coloda BC5000,False,False,False,False,False,True,False,False,False,False,False,https://vapewh.com/products/strawberry-pina-colada-bc5000
watermelon-ice-bc5000-1,Watermelon Ice BC5000,False,False,False,False,False,True,False,False,False,False,False,https://vapewh.com/products/watermelon-ice-bc5000-1
triple-berry-ice-bc5000,Triple Berry Ice BC5000,False,False,False,False,False,True,False,False,False,False,False,https://vapewh.com/products/triple-berry-ice-bc5000
watermelon-bubblegum-bc5000,Watermelon BG BC5000 (Watermelon Bubblegum),False,False,False,False,False,True,False,False,False,False,False,https://vapewh.com/products/watermelon-bubblegum-bc5000
blue-razz-lemon-bc5000,Clear BC5000,False,False,False,False,True,True,False,False,False,False,False,https://vapewh.com/products/blue-razz-lemon-bc5000
sakura-grape-bc5000,Sakura Grape BC5000,False,False,False,False,False,True,False,False,False,False,False,https://vapewh.com/products/sakura-grape-bc5000
peach-mango-watermelon-bc5000,Peach Mango Watermelon BC5000,False,False,False,False,False,True,False,False,False,False,False,https://vapewh.com/products/peach-mango-watermelon-bc5000
strawberry-ice-bc5000,Strawberry Ice BC5000,False,False,False,False,False,True,False,False,False,False,False,https://vapewh.com/products/strawberry-ice-bc5000
peach-berry-bc5000,Peach Berry BC5000,False,False,False,False,True,True,False,False,False,False,False,https://vapewh.com/products/peach-berry-bc5000
pineapple-strawnana-bc5000,Pineapple Strawnanna BC5000,False,False,False,False,False,True,False,False,False,False,False,https://vapewh.com/products/pineapple-strawnana-bc5000
peach-ice-bc5000,Peach Ice BC5000,False,False,False,False,True,True,False,False,False,False,False,https://vapewh.com/products/peach-ice-bc5000
strawberry-raspberry-cherry-ice-bc5000,Strawberry Raspberry Cherry Ice BC5000,False,False,False,False,False,True,False,False,False,False,False,https://vapewh.com/products/strawberry-raspberry-cherry-ice-bc5000
strawberry-mango-bc5000,Strawberry Mango BC5000,False,False,False,False,False,True,False,False,False,False,False,https://vapewh.com/products/strawberry-mango-bc5000
blue-cotton-candy-lost-mary-os5000-x-elf-bar-disposable-vape,Blueberry P&B Cloudd (Blue Cotton Candy) Lost Mary by Elf Bar OS5000,False,True,False,False,True,False,False,False,False,False,False,https://vapewh.com/products/blue-cotton-candy-lost-mary-os5000-x-elf-bar-disposable-vape
mango-peach-bc5000,Mango Peach BC5000,False,False,False,False,True,True,False,False,False,False,False,https://vapewh.com/products/mango-peach-bc5000
juicy-peach-lost-mary-os5000-x-elf-bar-disposable-vape,Peach Ice (Juicy Peach) Lost Mary by Elf Bar OS5000,False,True,False,False,True,False,False,False,False,False,False,https://vapewh.com/products/juicy-peach-lost-mary-os5000-x-elf-bar-disposable-vape
watermelon-lost-mary-os5000-x-elf-bar-disposable-vape,Watermelon Lost Mary by Elf Bar OS5000,False,True,False,False,True,False,False,False,False,False,False,https://vapewh.com/products/watermelon-lost-mary-os5000-x-elf-bar-disposable-vape
strawberry-pina-colada-lost-mary-os5000-x-elf-bar-disposable-vape,Strawberry Pina Colada Lost Mary by Elf Bar OS5000,False,True,False,False,True,False,False,False,False,False,False,https://vapewh.com/products/strawberry-pina-colada-lost-mary-os5000-x-elf-bar-disposable-vape
strawberry-ice-lost-mary-os5000-x-elf-bar-disposable-vape,Strawberry Ice Lost Mary by Elf Bar OS5000,False,True,False,False,True,False,False,False,False,False,False,https://vapewh.com/products/strawberry-ice-lost-mary-os5000-x-elf-bar-disposable-vape
blue-razz-ice-lost-mary-os5000-x-elf-bar-disposable-vape,Blue Razz Ice Lost Mary by Elf Bar OS5000,False,True,False,False,True,False,False,False,False,False,False,https://vapewh.com/products/blue-razz-ice-lost-mary-os5000-x-elf-bar-disposable-vape
lost-mary-mt15000-turbo-strawmelon-peach,"Lost Mary, Turbo-3X more Puffs than OS & MO, Strawberry Melon Peach",False,False,False,False,False,False,False,False,False,False,False,https://vapewh.com/products/lost-mary-mt15000-turbo-strawmelon-peach
lost-mary-mt15000-turbo-strawberry-kiwi,Lost Mary MT15000 Turbo | Strawberry Kiwi,False,False,False,False,False,False,False,False,False,False,False,https://vapewh.com/products/lost-mary-mt15000-turbo-strawberry-kiwi
lost-mary-mt15000-turbo-banana-cake,Lost Mary MT15000 Turbo | Banana Cake,False,False,False,False,False,False,False,False,False,False,False,https://vapewh.com/products/lost-mary-mt15000-turbo-banana-cake
lost-mary-mt15000-turbo-summer-grape,Lost Mary MT15000 Turbo | Summer Grape,False,False,False,False,False,False,False,False,False,False,False,https://vapewh.com/products/lost-mary-mt15000-turbo-summer-grape
lost-mary-mt15000-turbo-dr-cherry,Lost Mary MT15000 Turbo | Dr. Cherry,False,False,False,False,False,False,False,False,False,False,False,https://vapewh.com/products/lost-mary-mt15000-turbo-dr-cherry
lost-mary-mt15000-turbo-strawberry-orange,Lost Mary MT15000 Turbo | Strawberry Orange,False,False,False,False,False,False,False,False,False,False,False,https://vapewh.com/products/lost-mary-mt15000-turbo-strawberry-orange
lost-mary-mo5000-mango-peach,Lost Mary MO5000 | Mango Peach,True,False,False,False,True,False,False,False,False,False,False,https://vapewh.com/products/lost-mary-mo5000-mango-peach
lost-mary-mo5000-iced-peach-colada,Lost Mary MO5000 | Iced Peach Colada,True,False,False,False,True,False,False,False,False,False,False,https://vapewh.com/products/lost-mary-mo5000-iced-peach-colada
lost-mary-mo5000-colombian-coffee-ice,Lost Mary MO5000 | Colombian Coffee Ice,True,False,False,False,True,False,False,False,False,False,False,https://vapewh.com/products/lost-mary-mo5000-colombian-coffee-ice
lost-mary-mo20000-pro-dragon-drink,Lost Mary MO20000 Pro | Dragon Drink,True,True,False,False,True,True,False,False,False,False,False,https://vapewh.com/products/lost-mary-mo20000-pro-dragon-drink
lost-mary-mo5000-cherry-lemon,Lost Mary MO5000 | Cherry Lemon,True,False,False,False,True,False,False,False,False,False,False,https://vapewh.com/products/lost-mary-mo5000-cherry-lemon
lost-mary-mo5000-blackberry-cherry-lemon,Lost Mary MO5000 | Blackberry Cherry Lemon,True,False,False,False,True,False,False,False,False,False,False,https://vapewh.com/products/lost-mary-mo5000-blackberry-cherry-lemon
lost-mary-mo5000-vape-pineapple-apple-pear,Lost Mary MO5000 Vape | Pineapple Apple Pear,True,False,False,False,True,False,False,False,False,False,False,https://vapewh.com/products/lost-mary-mo5000-vape-pineapple-apple-pear
lost-mary-mo20000-pro-rocket-popsicle,Lost Mary MO20000 Pro | Rocket Popsicle,True,True,False,False,True,True,False,False,False,False,False,https://vapewh.com/products/lost-mary-mo20000-pro-rocket-popsicle
lost-mary-mt15000-turbo-cherry-strazz,Lost Mary MT15000 Turbo | Cherry Strazz,False,False,False,False,False,False,False,False,False,False,False,https://vapewh.com/products/lost-mary-mt15000-turbo-cherry-strazz
strawberry-watermelon-lost-mary-by-elf-bar-os5000,Strawberry Watermelon (Luster Edition) Lost Mary by Elf Bar OS5000,False,True,False,False,True,False,False,False,False,False,False,https://vapewh.com/products/strawberry-watermelon-lost-mary-by-elf-bar-os5000
strawberry-lemonade-lost-mary-by-elf-bar-os5000,Strawberry Lemonade Lost Mary by Elf Bar OS5000,False,True,False,False,True,False,False,False,False,False,False,https://vapewh.com/products/strawberry-lemonade-lost-mary-by-elf-bar-os5000
black-lemonade-lost-mary-by-elf-bar-os5000,Black Lemonade (Luster Edition) Lost Mary by Elf Bar OS5000,False,True,False,False,True,False,False,False,False,False,False,https://vapewh.com/products/black-lemonade-lost-mary-by-elf-bar-os5000
lost-mary-os5000-vape-black-strawnana-luster-edition,Lost Mary OS5000 Vape | Black Strawnana (Luster Edition),False,True,False,False,True,False,False,False,False,False,False,https://vapewh.com/products/lost-mary-os5000-vape-black-strawnana-luster-edition
forest-mint-lost-mary-by-elf-bar-os5000,Forest Mint (Luster Edition) Lost Mary by Elf Bar OS5000,False,True,False,False,True,False,False,False,False,False,False,https://vapewh.com/products/forest-mint-lost-mary-by-elf-bar-os5000
clear-lost-mary-by-elf-bar-os5000,Clear Lost Mary by Elf Bar OS5000,False,True,False,False,True,False,False,False,False,False,False,https://vapewh.com/products/clear-lost-mary-by-elf-bar-os5000
lost-mary-os5000-cherry-cola,Lost Mary OS5000 | Cherry Cola,False,True,False,False,True,False,False,False,False,False,False,https://vapewh.com/products/lost-mary-os5000-cherry-cola
ijoy-captain-10000-vape-banana-pinacolada,iJoy Captain 10000 Vape | Banana Pinacolada,False,True,False,False,True,True,False,False,False,False,False,https://vapewh.com/products/ijoy-captain-10000-vape-banana-pinacolada
ijoy-taijizen-judo-24000-lemon-peach-passionfruit,iJoy TaijiZen Judo 24000 | Lemon Peach Passion Fruit,True,False,True,False,True,False,False,False,False,False,False,https://vapewh.com/products/ijoy-taijizen-judo-24000-lemon-peach-passionfruit
ijoy-taijizen-judo-24000-sour-strawberry-grape,iJoy TaijiZen Judo 24000 | Sour Strawberry Grape,True,False,True,False,True,False,False,False,False,False,False,https://vapewh.com/products/ijoy-taijizen-judo-24000-sour-strawberry-grape
ijoy-taijizen-judo-24000-white-strawberry,iJoy TaijiZen Judo 24000 | White Strawberry Ice,True,False,True,False,True,False,False,False,False,False,False,https://vapewh.com/products/ijoy-taijizen-judo-24000-white-strawberry
ijoy-sd-22000-disposable-strawberry-watermelon,iJoy SD 22000 Disposable | Strawberry Watermelon,True,False,False,False,True,False,False,False,False,False,False,https://vapewh.com/products/ijoy-sd-22000-disposable-strawberry-watermelon
ijoy-captain-10000-vape-apple-plum-pomegranate,iJoy Captain 10000 Vape | Apple Plum Pomegranate,False,True,False,False,True,True,False,False,False,False,False,https://vapewh.com/products/ijoy-captain-10000-vape-apple-plum-pomegranate
ijoy-taijizen-judo-24000-apple-kiwi,iJoy TaijiZen Judo 24000 | Apple Kiwi,True,False,True,False,True,False,False,False,False,False,False,https://vapewh.com/products/ijoy-taijizen-judo-24000-apple-kiwi
ijoy-taijizen-judo-24000-blackberry-cherry,iJoy TaijiZen Judo 24000 | Blackberry Cherry,True,False,True,False,True,False,False,False,False,False,False,https://vapewh.com/products/ijoy-taijizen-judo-24000-blackberry-cherry
apoc-tik-pod-3-vape-strawberry-watermelon,APOC Tik Pod 3% Vape | Strawberry Watermelon,False,False,False,False,True,True,False,False,False,False,False,https://vapewh.com/products/apoc-tik-pod-3-vape-strawberry-watermelon
kado-bar-5000-puff-disposable,Kado Bar 5000 Puff Disposable Vape,False,False,False,False,False,False,False,False,False,False,False,https://vapewh.com/products/kado-bar-5000-puff-disposable
kado-bar-20000-puff,Kado Bar Vintage Edition 20000 Puff Disposable Vape 5% Nicotine,False,False,False,False,False,False,False,False,False,False,False,https://vapewh.com/products/kado-bar-20000-puff
cran-apple-kado-bar-5000-puff-disposable,Cran Apple Kado Bar 5000 Puff Disposable,False,False,False,False,False,False,False,False,False,False,False,https://vapewh.com/products/cran-apple-kado-bar-5000-puff-disposable
kadobar-10000-vape-grape-coolaid,KADOBAR 10000 Vape | Grape Coolaid,False,False,False,False,True,True,True,False,False,False,False,https://vapewh.com/products/kadobar-10000-vape-grape-coolaid
candy-crush-fire-xl-6000-puff-disposable-vape,Candy Crush Fire XL 6000 Puff Disposable Vape,True,False,False,False,True,True,False,False,False,False,False,https://vapewh.com/products/candy-crush-fire-xl-6000-puff-disposable-vape
peach-mango-fire-xl-6000-puff-disposable-vape,Peach Mango Fire XL 6000 Puff Disposable Vape,True,False,False,False,True,True,False,False,False,False,False,https://vapewh.com/products/peach-mango-fire-xl-6000-puff-disposable-vape
soul-mint-fire-xl-6000-puff-disposable-vape,Soul Mint Fire XL 6000 Puff Disposable Vape,True,False,False,False,True,True,False,False,False,False,False,https://vapewh.com/products/soul-mint-fire-xl-6000-puff-disposable-vape
fire-xl-12000-vape-strawnana-freeze,Fire XL 12000 Vape | Strawnana Freeze/Ice,False,True,False,False,False,False,False,False,False,False,False,https://vapewh.com/products/fire-xl-12000-vape-strawnana-freeze
fire-xl-12000-vape-strawmelon-burst,Fire XL 12000 Vape | Strawmelon Burst,False,True,False,False,False,False,False,False,False,False,False,https://vapewh.com/products/fire-xl-12000-vape-strawmelon-burst
fire-boost-12000-puff-nana-taffy-ice,Fire Boost 12000 Puff | Nana Taffy Ice,False,True,False,False,False,False,False,False,False,False,False,https://vapewh.com/products/fire-boost-12000-puff-nana-taffy-ice
fire-xl-6000-puff-virginia-tobacco,Fire XL 6000 Puff | Virginia Tobacco,True,False,False,False,True,True,False,False,False,False,False,https://vapewh.com/products/fire-xl-6000-puff-virginia-tobacco
fire-boost-12000-puff-sour-peach-rings,Fire Boost 12000 Puff | Sour Peach Rings,False,True,False,False,False,False,False,False,False,False,False,https://vapewh.com/products/fire-boost-12000-puff-sour-peach-rings
fire-boost-12000-puff-watermelon-bubblegum,Fire Boost 12000 Puff | Watermelon Bubblegum,False,True,False,False,False,False,False,False,False,False,False,https://vapewh.com/products/fire-boost-12000-puff-watermelon-bubblegum
monster-bars-3500-puff-disposable,Monster Bars 3500 Puff Disposable Vape,False,False,False,False,True,False,False,False,False,False,False,https://vapewh.com/products/monster-bars-3500-puff-disposable
monster-bars-the-milk-disposable-3500-puffs,Monster Bars The Milk Disposable 3500 Puffs,False,False,False,False,True,False,False,False,False,False,False,https://vapewh.com/products/monster-bars-the-milk-disposable-3500-puffs
butterscotch-custard-monster-bar-3500-puff-disposable,Butterscotch Custard Monster Bar 3500 Puff Disposable,False,False,False,False,True,False,False,False,False,False,False,https://vapewh.com/products/butterscotch-custard-monster-bar-3500-puff-disposable
milk-cinnamon-monster-bar-the-milk-disposable-3500-puffs,Milk Cinnamon Monster Bar The Milk Disposable 3500 Puffs,False,False,False,False,True,False,False,False,False,False,False,https://vapewh.com/products/milk-cinnamon-monster-bar-the-milk-disposable-3500-puffs
strawberry-custard-monster-bar-3500-puff-disposable,Strawberry Custard Monster Bar 3500 Puff Disposable,False,False,False,False,True,False,False,False,False,False,False,https://vapewh.com/products/strawberry-custard-monster-bar-3500-puff-disposable
blackberry-jam-monster-bar-3500-puff-disposable,Blackberry Jam Monster Bar 3500 Puff Disposable,False,False,False,False,True,False,False,False,False,False,False,https://vapewh.com/products/blackberry-jam-monster-bar-3500-puff-disposable
mixed-berry-ice-monster-bar-3500-puff-disposable,Mixed Berry Ice Monster Bar 3500 Puff Disposable,False,False,False,False,True,False,False,False,False,False,False,https://vapewh.com/products/mixed-berry-ice-monster-bar-3500-puff-disposable
passionfruit-orange-guava-monster-bar-3500-puff-disposable,Passionfruit Orange Guava Monster Bar 3500 Puff Disposable,False,False,False,False,True,False,False,False,False,False,False,https://vapewh.com/products/passionfruit-orange-guava-monster-bar-3500-puff-disposable
milk-cinnamon-monster-bar-3500-puff-disposable-vape,Milk Cinnamon Monster Bar 3500 Puff Disposable Vape,False,False,False,False,True,False,False,False,False,False,False,https://vapewh.com/products/milk-cinnamon-monster-bar-3500-puff-disposable-vape
passionfruit-orange-guava-ice-monster-bar-3500-puff-disposable,Passionfruit Orange Guava Ice Monster Bar 3500 Puff Disposable,False,False,False,False,True,False,False,False,False,False,False,https://vapewh.com/products/passionfruit-orange-guava-ice-monster-bar-3500-puff-disposable
mango-peach-guava-monster-bar-3500-puff-disposable,Mango Peach Guava Monster Bar 3500 Puff Disposable,False,False,False,False,True,False,False,False,False,False,False,https://vapewh.com/products/mango-peach-guava-monster-bar-3500-puff-disposable
milk-jax-monster-bar-3500-puff-disposable-vape,The Milk Jax Monster Bar 3500 Puff Disposable Vape,False,False,False,False,True,False,False,False,False,False,False,https://vapewh.com/products/milk-jax-monster-bar-3500-puff-disposable-vape
hqd-cuvie-plus-1200-puff-disposable-vape,HQD Cuvie Plus 1200 Puff Disposable Vape,False,True,False,False,True,False,False,False,False,False,False,https://vapewh.com/products/hqd-cuvie-plus-1200-puff-disposable-vape
blueberry-raspberry-hqd-cuvie-plus-1200-puff-disposable-vape,Blueberry Raspberry HQD Cuvie Plus 1200 Puff Disposable Vape,False,True,False,False,True,False,False,False,False,False,False,https://vapewh.com/products/blueberry-raspberry-hqd-cuvie-plus-1200-puff-disposable-vape
ice-mint-hqd-cuvie-plus-1200-puff-disposable-vape,Ice Mint HQD Cuvie Plus 1200 Puff Disposable Vape,False,True,False,False,True,False,False,False,False,False,False,https://vapewh.com/products/ice-mint-hqd-cuvie-plus-1200-puff-disposable-vape
blueberry-lemonade-hqd-cuvie-plus-1200-puff-disposable-vape,Blueberry Lemonade HQD Cuvie Plus 1200 Puff Disposable Vape,False,True,False,False,True,False,False,False,False,False,False,https://vapewh.com/products/blueberry-lemonade-hqd-cuvie-plus-1200-puff-disposable-vape
strawberry-hqd-cuvie-plus-1200-puff-disposable-vape,Strawberry HQD Cuvie Plus 1200 Puff Disposable Vape,False,True,False,False,True,False,False,False,False,False,False,https://vapewh.com/products/strawberry-hqd-cuvie-plus-1200-puff-disposable-vape
sky-mint-hqd-cuvie-plus-1200-puff-disposable-vape,Sky Mint HQD Cuvie Plus 1200 Puff Disposable Vape,False,True,False,False,True,False,False,False,False,False,False,https://vapewh.com/products/sky-mint-hqd-cuvie-plus-1200-puff-disposable-vape
apple-peach-hqd-cuvie-plus-1200-puff-disposable-vape,Apple Peach HQD Cuvie Plus 1200 Puff Disposable Vape,False,True,False,False,True,False,False,False,False,False,False,https://vapewh.com/products/apple-peach-hqd-cuvie-plus-1200-puff-disposable-vape
lush-ice-hqd-cuvie-plus-1200-puff-disposable-vape,Lush Ice HQD Cuvie Plus 1200 Puff Disposable Vape,False,True,False,False,True,False,False,False,False,False,False,https://vapewh.com/products/lush-ice-hqd-cuvie-plus-1200-puff-disposable-vape
tres-leche-hqd-cuvie-plus-1200-puff-disposable-vape,Tres Leches HQD Cuvie Plus 1200 Puff Disposable Vape,False,True,False,False,True,False,False,False,False,False,False,https://vapewh.com/products/tres-leche-hqd-cuvie-plus-1200-puff-disposable-vape
nuts-tobacco-hqd-cuvie-plus-1200-puff-disposable-vape,Nuts Tobacco HQD Cuvie Plus 1200 Puff Disposable Vape,False,True,False,False,True,False,False,False,False,False,False,https://vapewh.com/products/nuts-tobacco-hqd-cuvie-plus-1200-puff-disposable-vape
tobacco-hqd-cuvie-plus-1200-puff-disposable-vape,Tobacco HQD Cuvie Plus 1200 Puff Disposable Vape,False,True,False,False,True,False,False,False,False,False,False,https://vapewh.com/products/tobacco-hqd-cuvie-plus-1200-puff-disposable-vape
blankz,BLANKZ! Pods Refillable Compatible Pods,False,False,False,False,False,False,False,False,False,False,False,https://vapewh.com/products/blankz
spaceman-boost-vape,Spaceman PRISM BOOST | Free Shipping,False,False,False,False,False,False,False,False,False,False,False,https://vapewh.com/products/spaceman-boost-vape
spaceman-boost-vape-triple-strawberry,Triple Strawberry | Spaceman BOOST Vape,False,False,False,False,False,False,False,False,False,False,False,https://vapewh.com/products/spaceman-boost-vape-triple-strawberry
spaceman-nebula-25k-sour-grape-bg,Spaceman Nebula 25K | Sour Grape BG,True,False,False,False,True,False,False,False,False,False,False,https://vapewh.com/products/spaceman-nebula-25k-sour-grape-bg
kadobar-10000-vape-virginia-tobacco-black-edition,KADOBAR 10000 Vape | Virginia Tobacco - Black Edition,False,False,False,False,True,True,True,False,False,False,False,https://vapewh.com/products/kadobar-10000-vape-virginia-tobacco-black-edition
raz-ca6000-tobacco-disposable-vape-6000-puffs,Raz CA6000 Tobacco Disposable Vape [6000 Puffs],False,True,False,False,True,False,False,False,False,False,False,https://vapewh.com/products/raz-ca6000-tobacco-disposable-vape-6000-puffs
miami-mint-off-stamp-sw9000-kit,Miami Mint Off-Stamp SW9000 Kit,False,False,False,False,True,False,False,False,False,False,False,https://vapewh.com/products/miami-mint-off-stamp-sw9000-kit
miami-mint-off-stamp-sw9000-pods,Miami Mint Off-Stamp SW9000 Pods,False,True,False,False,True,False,False,False,False,False,False,https://vapewh.com/products/miami-mint-off-stamp-sw9000-pods
jewel-mint-ice-pod-pocket-7500-puff-disposable-vape,Jewel Mint Ice Pod Pocket 7500 Puff Disposable Vape,False,False,False,False,True,True,False,False,False,False,False,https://vapewh.com/products/jewel-mint-ice-pod-pocket-7500-puff-disposable-vape
lemon-mint-ice-pod-pocket-7500-puff-disposable-vape,Lemon Mint Ice Pod Pocket 7500 Puff Disposable Vape,False,False,False,False,True,True,False,False,False,False,False,https://vapewh.com/products/lemon-mint-ice-pod-pocket-7500-puff-disposable-vape
yogi-bar,Yogi Bar Vape,False,False,False,False,True,True,False,False,False,False,False,https://vapewh.com/products/yogi-bar
lost-mary-mo5000-vape-strawberry-watermelon-ice,Lost Mary MO5000 Vape | Strawberry Watermelon Ice,True,False,False,False,True,False,False,False,False,False,False,https://vapewh.com/products/lost-mary-mo5000-vape-strawberry-watermelon-ice
lost-mary-mo5000-vape-white-strawberry-ice,Lost Mary MO5000 Vape | White Strawberry Ice,True,False,False,False,True,False,False,False,False,False,False,https://vapewh.com/products/lost-mary-mo5000-vape-white-strawberry-ice
fifty-bar-disposable-vape-5-strawberry-super-strudel,Strawberry Super Strudel,False,False,False,False,True,True,False,False,False,False,False,https://vapewh.com/products/fifty-bar-disposable-vape-5-strawberry-super-strudel
dragon-strawnana-off-stamp-sw9000-kit,Off-Stamp SW9000 Kit | Dragon Strawnana,False,False,False,False,True,False,False,False,False,False,False,https://vapewh.com/products/dragon-strawnana-off-stamp-sw9000-kit
fifty-bar-disposable-vape-5-apple-super-strudel,Apple Super Strudel,False,False,False,False,True,True,False,False,False,False,False,https://vapewh.com/products/fifty-bar-disposable-vape-5-apple-super-strudel
fifty-bar-disposable-vape-5-aloe-grapple-watermelon,Aloe Grapple Watermelon,False,False,False,False,True,True,False,False,False,False,False,https://vapewh.com/products/fifty-bar-disposable-vape-5-aloe-grapple-watermelon
fifty-bar-disposable-vape-5-kyoho-grape-jelly,Kyoho Grape Jelly,False,False,False,False,True,True,False,False,False,False,False,https://vapewh.com/products/fifty-bar-disposable-vape-5-kyoho-grape-jelly
truu-bar-vape-citrus-melody,Truu Bar Vape | Citrus Melody,False,True,False,False,True,True,False,False,False,False,False,https://vapewh.com/products/truu-bar-vape-citrus-melody
beard-vape-co-cinnamon-funnel-cake,Beard Vape Co. Salt Cinnamon Funnel Cake,False,False,False,False,False,True,False,False,False,False,False,https://vapewh.com/products/beard-vape-co-cinnamon-funnel-cake
custard-monster-salt-vanilla-custard,Custard Monster Salt Vanilla Custard,False,False,False,False,False,True,False,False,False,False,False,https://vapewh.com/products/custard-monster-salt-vanilla-custard
custard-monster-vanilla-custard,Custard Monster Vanilla Custard,False,False,False,False,False,True,False,False,False,False,False,https://vapewh.com/products/custard-monster-vanilla-custard
pod-juice-mango-strawberry-dragonfruit,Pod Juice Mango Strawberry Dragonfruit,False,False,False,False,False,True,False,False,False,False,False,https://vapewh.com/products/pod-juice-mango-strawberry-dragonfruit
pod-juice-blue-raspberry,Pod Juice Salt Blue Raspberry,False,False,False,False,False,True,False,False,False,False,False,https://vapewh.com/products/pod-juice-blue-raspberry
priv-bar-vape-turbo-florida-lemonade,Priv Bar Vape Turbo | Florida Lemonade,False,False,False,False,True,False,False,False,False,False,False,https://vapewh.com/products/priv-bar-vape-turbo-florida-lemonade
white-gummy-esco-bar-mesh-disposable,White Gummy Esco Bar Mesh Disposable,False,True,False,False,True,True,False,False,False,False,False,https://vapewh.com/products/white-gummy-esco-bar-mesh-disposable
pb-jam-monster-grape,PB & Jam Monster Grape,False,False,False,False,False,False,False,False,False,False,False,https://vapewh.com/products/pb-jam-monster-grape
jam-monster-strawberry-jam,Jam Monster Strawberry Jam,False,False,False,False,False,False,False,False,False,False,False,https://vapewh.com/products/jam-monster-strawberry-jam
jam-monster-pb-jam-banana,PB & Jam Monster Banana,False,False,False,False,False,False,False,False,False,False,False,https://vapewh.com/products/jam-monster-pb-jam-banana
fruit-monster-salt-strawberry-lime,Fruit Monster Salt Strawberry Lime,False,False,False,False,False,False,False,False,False,False,False,https://vapewh.com/products/fruit-monster-salt-strawberry-lime
monster-salt-milk-cinnamon,The Milk Monster Salt Cinnamon,False,False,False,False,False,False,False,False,False,False,False,https://vapewh.com/products/monster-salt-milk-cinnamon
jam-monster-blueberry,Jam Monster Blueberry,False,False,False,False,False,True,False,False,False,False,False,https://vapewh.com/products/jam-monster-blueberry
monster-salt-milk-jax,The Milk Monster Salt JAX,False,False,False,False,False,False,False,False,False,False,False,https://vapewh.com/products/monster-salt-milk-jax
jam-monster-blueberry-jam,Jam Monster Blackberry Jam,False,False,False,False,False,False,False,False,False,False,False,https://vapewh.com/products/jam-monster-blueberry-jam
pod-juice-salt-cotton-carnival,Pod Juice Salt: Cotton Carnival / Cotton Clouds,False,False,False,False,False,True,False,False,False,False,False,https://vapewh.com/products/pod-juice-salt-cotton-carnival
pod-juice-salt-loops,Pod Juice Salt: Loops,False,False,False,False,False,False,False,False,False,False,False,https://vapewh.com/products/pod-juice-salt-loops
pod-juice-salt-strawberry-jam,Pod Juice Salt: Strawberry Jam,False,False,False,False,False,False,False,False,False,False,False,https://vapewh.com/products/pod-juice-salt-strawberry-jam
pod-juice-salt-watermelon-head,Pod Juice Salt: Watermelon Head / Watermelon Blast,False,False,False,False,False,True,False,False,False,False,False,https://vapewh.com/products/pod-juice-salt-watermelon-head
custard-monster-blackberry,Custard Monster Blackberry,False,False,False,False,False,True,False,False,False,False,False,https://vapewh.com/products/custard-monster-blackberry
suicide-bunny-the-o-b,Suicide Bunny The O.B,False,False,False,False,False,True,False,False,False,False,False,https://vapewh.com/products/suicide-bunny-the-o-b
transistor-babyclouds,Transistor BabyClouds,False,False,False,False,False,True,False,False,False,False,False,https://vapewh.com/products/transistor-babyclouds
cassadaga-cannoli-be-one,Cassadaga Cannoli Be One,False,False,False,False,False,False,False,False,False,False,False,https://vapewh.com/products/cassadaga-cannoli-be-one
transistor-galactic-milk,Transistor Galactic Milk,False,False,False,False,False,True,False,False,False,False,False,https://vapewh.com/products/transistor-galactic-milk
fifty-bar-disposable-vape-5-diamond-peach-ice,Diamond Peach Ice,False,False,False,False,True,True,False,False,False,False,False,https://vapewh.com/products/fifty-bar-disposable-vape-5-diamond-peach-ice
pod-juice-salt-jewel-mint,Pod Juice Salt: Jewel Mint,False,False,False,False,False,True,False,False,False,False,False,https://vapewh.com/products/pod-juice-salt-jewel-mint
transistor-lemn-berry,Transistor Lem'n Berry,False,False,False,False,False,True,False,False,False,False,False,https://vapewh.com/products/transistor-lemn-berry
transistor-bluetiful-disaster,Transistor Bluetiful Disaster,False,False,False,False,False,True,False,False,False,False,False,https://vapewh.com/products/transistor-bluetiful-disaster
pod-juice-salt-jewel-mint-diamond-1,Pod Juice Salt: Jewel Mint Diamond,False,False,False,False,False,False,False,False,False,False,False,https://vapewh.com/products/pod-juice-salt-jewel-mint-diamond-1
frozen-fruit-monster-blueberry-raspberry-lemon-ice,Frozen Fruit Monster Blueberry Raspberry Lemon Ice,False,False,False,False,False,False,False,False,False,False,False,https://vapewh.com/products/frozen-fruit-monster-blueberry-raspberry-lemon-ice
pachamama-fuji-apple-strawberry-nectarine,PachaMama: Fuji Apple Strawberry Nectarine,False,False,False,False,False,True,False,False,False,False,False,https://vapewh.com/products/pachamama-fuji-apple-strawberry-nectarine
frozen-fruit-monster-mixed-berry-ice,Frozen Fruit Monster Mixed Berry Ice,False,False,False,False,False,True,False,False,False,False,False,https://vapewh.com/products/frozen-fruit-monster-mixed-berry-ice
fruit-monster-mixed-berry,Fruit Monster Mixed Berry,False,False,False,False,False,False,False,False,False,False,False,https://vapewh.com/products/fruit-monster-mixed-berry
pod-juice-salt-jewel-mango,Pod Juice Salt: Jewel Mango,False,False,False,False,False,True,False,False,False,False,False,https://vapewh.com/products/pod-juice-salt-jewel-mango
fireball-create-your-own-e-liquid,Fireball E-Liquid,False,False,False,False,False,True,False,False,False,False,False,https://vapewh.com/products/fireball-create-your-own-e-liquid
pod-juice-salt-frozen-strawberry,Pod Juice Salt: Frozen Strawberry 35,False,False,False,False,False,True,False,False,False,False,False,https://vapewh.com/products/pod-juice-salt-frozen-strawberry
frozen-fruit-monster-strawberry-kiwi-pomegranate-ice,Frozen Fruit Monster Strawberry Kiwi Pomegranate Ice,False,False,False,False,False,True,False,False,False,False,False,https://vapewh.com/products/frozen-fruit-monster-strawberry-kiwi-pomegranate-ice
frozen-fruit-monster-mango-peach-guava-ice,Frozen Fruit Monster Mango Peach Guava Ice,False,False,False,False,False,False,False,False,False,False,False,https://vapewh.com/products/frozen-fruit-monster-mango-peach-guava-ice
tango-chillin-by-transistor,Transistor Tango Chillin',False,False,False,False,False,True,False,False,False,False,False,https://vapewh.com/products/tango-chillin-by-transistor
dinner-lady-lemon-tart,Dinner Lady Lemon Tart,False,False,False,False,False,True,False,False,False,False,False,https://vapewh.com/products/dinner-lady-lemon-tart
fruit-monster-strawberry-kiwi-pomegranate,Fruit Monster Strawberry Kiwi Pomegranate,False,False,False,False,False,False,False,False,False,False,False,https://vapewh.com/products/fruit-monster-strawberry-kiwi-pomegranate
naked-100-hawaiin-pog,Naked 100 Hawaiian Pog,False,False,False,False,False,False,False,False,False,False,False,https://vapewh.com/products/naked-100-hawaiin-pog
ice-monster-salt-strawmelon-apple,Ice Monster Salt Strawmelon Apple,False,False,False,False,False,True,False,False,False,False,False,https://vapewh.com/products/ice-monster-salt-strawmelon-apple
suicide-bunny-mothers-milk,Suicide Bunny Mother's Milk,False,False,False,False,False,True,False,False,False,False,False,https://vapewh.com/products/suicide-bunny-mothers-milk
cassadaga-cannoli-be-cookie,Cassadaga Cannoli Be Cookie,False,False,False,False,False,True,False,False,False,False,False,https://vapewh.com/products/cassadaga-cannoli-be-cookie
frozen-fruit-monster-banana-ice,Frozen Fruit Monster Banana Ice,False,False,False,False,False,False,False,False,False,False,False,https://vapewh.com/products/frozen-fruit-monster-banana-ice
frozen-fruit-monster-salt-strawberry-lime-ice,Frozen Fruit Monster Salt Strawberry Lime Ice,False,False,False,False,False,False,False,False,False,False,False,https://vapewh.com/products/frozen-fruit-monster-salt-strawberry-lime-ice
pod-juice-jewel-mint-100ml,Pod Juice: Jewel Mint 100ml,False,False,False,False,False,True,False,False,False,False,False,https://vapewh.com/products/pod-juice-jewel-mint-100ml
lemonade-monster-strawberry-lemonade,Lemonade Monster Strawberry Lemonade,False,False,False,False,False,False,False,False,False,False,False,https://vapewh.com/products/lemonade-monster-strawberry-lemonade
watson-white-gold,Watson White Gold,False,False,False,False,False,True,False,False,False,False,False,https://vapewh.com/products/watson-white-gold
dinner-lady-salt-lemon-tart,Dinner Lady Salt: Lemon Tart,False,False,False,False,False,True,False,False,False,False,False,https://vapewh.com/products/dinner-lady-salt-lemon-tart
naked-100-berry-ice,Naked 100 Menthol Berry,False,False,False,False,False,True,False,False,False,False,False,https://vapewh.com/products/naked-100-berry-ice
tobacco-monster-salt-smooth,Tobacco Monster Salt Smooth,False,False,False,False,False,True,False,False,False,False,False,https://vapewh.com/products/tobacco-monster-salt-smooth
prohibition-juice-co-sin-tax,Prohibition Juice Co. Sin Tax,False,False,False,False,False,True,False,False,False,False,False,https://vapewh.com/products/prohibition-juice-co-sin-tax
naked-100-strawberry-pomegranate-brain-freeze,Naked 100 Strawberry POM (Brain Freeze),False,False,False,False,False,False,False,False,False,False,False,https://vapewh.com/products/naked-100-strawberry-pomegranate-brain-freeze
naked-100-really-berry-60ml,Naked 100 Really Berry,False,False,False,False,False,False,False,False,False,False,False,https://vapewh.com/products/naked-100-really-berry-60ml
transistor-nectosphere,Transistor NectoSphere,False,False,False,False,False,True,False,False,False,False,False,https://vapewh.com/products/transistor-nectosphere
naked-100-lava-flow,Naked 100 Lava Flow,False,False,False,False,False,False,False,False,False,False,False,https://vapewh.com/products/naked-100-lava-flow
ice-monster-melon-colada,Ice Monster Melon Colada,False,False,False,False,False,True,False,False,False,False,False,https://vapewh.com/products/ice-monster-melon-colada
tobacco-monster-smooth,Tobacco Monster Smooth,False,False,False,False,False,False,False,False,False,False,False,https://vapewh.com/products/tobacco-monster-smooth
suicide-bunny-sucker-punch,Suicide Bunny Sucker Punch,False,False,False,False,False,True,False,False,False,False,False,https://vapewh.com/products/suicide-bunny-sucker-punch
prohibition-juice-co-black-market,Prohibition Juice Co. Black Market,False,False,False,False,False,True,False,False,False,False,False,https://vapewh.com/products/prohibition-juice-co-black-market
hi-drip-classics-sour-apple,Hi-Drip Classics Sour Apple,False,False,False,False,False,True,False,False,False,False,False,https://vapewh.com/products/hi-drip-classics-sour-apple
naked-100-melon-polar-breeze,Naked 100 Melon (Polar Breeze),False,False,False,False,False,False,False,False,False,False,False,https://vapewh.com/products/naked-100-melon-polar-breeze
transistor-nectochill,Transistor NectoChill,False,False,False,False,False,True,False,False,False,False,False,https://vapewh.com/products/transistor-nectochill
esco-bars-tropical-fruit,Esco Bars Tropical Fruit,False,False,False,False,False,False,False,False,False,False,False,https://vapewh.com/products/esco-bars-tropical-fruit
tobacco-monster-bold,Tobacco Monster Bold,False,False,False,False,False,False,False,False,False,False,False,https://vapewh.com/products/tobacco-monster-bold
tobacco-monster-rich,Tobacco Monster Rich,False,False,False,False,False,False,False,False,False,False,False,https://vapewh.com/products/tobacco-monster-rich
cassadaga-cannoli-be-breakfast,Cassadaga Cannoli Be Breakfast,False,False,False,False,False,False,False,False,False,False,False,https://vapewh.com/products/cassadaga-cannoli-be-breakfast
hi-drip-classics-sour-apple-iced,Hi-Drip Classics Sour Apple Iced,False,False,False,False,False,False,False,False,False,False,False,https://vapewh.com/products/hi-drip-classics-sour-apple-iced
naked-100-fusion-strawberry-60ml-12mg,Naked 100 Fusion Strawberry 60ml,False,False,False,False,False,True,False,False,False,False,False,https://vapewh.com/products/naked-100-fusion-strawberry-60ml-12mg
pod-juice-salt-banana-ice,Pod Juice Salt: Banana Ice / Banana Freeze,False,False,False,False,False,False,False,False,False,False,False,https://vapewh.com/products/pod-juice-salt-banana-ice
tobacco-monster-salt-rich,Tobacco Monster Salt Rich,False,False,False,False,False,False,False,False,False,False,False,https://vapewh.com/products/tobacco-monster-salt-rich
pb-jam-monster-strawberry,PB & Jam Monster Strawberry,False,False,False,False,False,True,False,False,False,False,False,https://vapewh.com/products/pb-jam-monster-strawberry
frozen-fruit-monster-strawberry-banana-ice,Frozen Fruit Monster Strawberry Banana Ice,False,False,False,False,False,False,False,False,False,False,False,https://vapewh.com/products/frozen-fruit-monster-strawberry-banana-ice
freemax-disposable-tanks,FreeMax GEMM Disposable Tanks,False,False,False,False,False,False,False,False,False,False,False,https://vapewh.com/products/freemax-disposable-tanks
uwell-caliburn-ak3-pod-kit-gray,UWELL CALIBURN AK3 Pod Kit | Free Shipping,True,False,False,False,True,True,False,False,False,True,False,https://vapewh.com/products/uwell-caliburn-ak3-pod-kit-gray
voopoo-pnp-pod-tank,VOOPOO PnP Pod Tank,False,False,False,False,False,True,False,False,False,False,False,https://vapewh.com/products/voopoo-pnp-pod-tank
voopoo-vinci-replacement-coils-5-pack,VOOPOO VINCI & Drag S/X Coils | 5 Pack,False,False,False,False,False,False,False,False,False,False,False,https://vapewh.com/products/voopoo-vinci-replacement-coils-5-pack
juul-classic-menthol-pods,JUUL Classic Menthol Pods,False,False,False,False,True,False,False,False,False,False,False,https://vapewh.com/products/juul-classic-menthol-pods
juul-virginia-tobacco-pods,JUUL Virginia Tobacco Pods 5%,False,False,False,False,False,False,False,False,False,False,False,https://vapewh.com/products/juul-virginia-tobacco-pods
smok-nord-n1,Smok Nord Coils | 5 Pack,False,False,False,False,False,False,False,False,False,False,False,https://vapewh.com/products/smok-nord-n1
smoktech-rpm-replacement-5pk-coils,RPM Nord Replacement Coils,False,False,False,False,False,False,False,False,False,False,False,https://vapewh.com/products/smoktech-rpm-replacement-5pk-coils
fireluke-2-mesh-sub-ohm-tank,Fireluke 2 Mesh Sub Ohm Tank,False,False,False,False,False,False,False,False,False,False,False,https://vapewh.com/products/fireluke-2-mesh-sub-ohm-tank
efest-slim-k2-charger,EFEST Slim K2 Charger,True,False,False,False,True,False,False,False,False,False,False,https://vapewh.com/products/efest-slim-k2-charger
micro-usb-charging-cable,Micro-USB Charging Cable,False,False,False,False,False,False,False,False,False,False,False,https://vapewh.com/products/micro-usb-charging-cable
freemax-gemm-kit,FreeMax GEMM 80W Kit (Employees Favorite),False,False,False,False,True,True,False,False,False,False,False,https://vapewh.com/products/freemax-gemm-kit
voopoo-v-thru-pro,Voopoo V.THRU Pro Kit 900mAh,True,False,False,False,True,False,False,False,False,False,False,https://vapewh.com/products/voopoo-v-thru-pro
juul-classic-menthol-pods-3,JUUL Classic Menthol Pods 3%,False,False,False,False,False,False,False,False,False,False,False,https://vapewh.com/products/juul-classic-menthol-pods-3
usb-c-charging-cable-10-inch,USB-C Charging Cable - 10 inch,False,False,False,False,False,False,False,False,False,False,False,https://vapewh.com/products/usb-c-charging-cable-10-inch
juul-device-vape-kit,JUUL Device Vape Kit,True,False,False,False,True,False,False,False,False,False,False,https://vapewh.com/products/juul-device-vape-kit
uwell-caliburn-a3-refillable-pods-4pk,Uwell Caliburn A3 Refillable Pods 4pk,False,False,False,False,True,False,False,False,False,False,False,https://vapewh.com/products/uwell-caliburn-a3-refillable-pods-4pk
freemax-single-fireluke-mesh-coil,FreeMax Fireluke TX1 .15 Mesh Coils (40-90W),False,False,False,False,False,False,False,False,False,False,False,https://vapewh.com/products/freemax-single-fireluke-mesh-coil
freemax-fireluke-tx3-mesh-15-coils-50-90w,FreeMax Fireluke TX3 Mesh .15 ohms Coils (50-90W),False,False,False,False,False,False,False,False,False,False,False,https://vapewh.com/products/freemax-fireluke-tx3-mesh-15-coils-50-90w
efest-slim-k4-charger,EFEST Slim K4 Charger,True,False,False,False,True,False,True,False,False,False,False,https://vapewh.com/products/efest-slim-k4-charger
uwell-caliburn-caliburn-koko-replacement-pods-4pk,Uwell Caliburn & Caliburn KOKO Replacement Pods (4pk),False,False,False,False,False,False,False,False,False,False,False,https://vapewh.com/products/uwell-caliburn-caliburn-koko-replacement-pods-4pk
21700-battery-hohm-run-3023mah,21700 Battery - Hohm Run 3023mAh,False,False,False,False,True,False,False,False,False,False,False,https://vapewh.com/products/21700-battery-hohm-run-3023mah
gift-card-1,Gift Card,False,False,False,False,False,False,False,False,False,False,False,https://vapewh.com/products/gift-card-1
baby-beast-coil-v8-q2-0-4-ohm,Smok Baby Beast Coil (V8-Q2 0.4ohm),False,False,False,False,False,False,False,False,False,False,False,https://vapewh.com/products/baby-beast-coil-v8-q2-0-4-ohm
510-drip-tips-full-resin,510 Drip Tips - Full Resin,False,False,False,False,False,False,False,False,False,False,False,https://vapewh.com/products/510-drip-tips-full-resin
