Tropical Fruit - ELF VPR3000 Salts - 30mL,https://www.elementvape.com/tropical-fruit-elf-vpr3000-salts
Strawberry Banana - ELF VPR3000 Salts - 30mL,//www.elementvape.com/strawberry-banana-elf-vpr3000-salts
Peach Grape Mango - ELF VPR3000 Salts - 30mL,https://www.elementvape.com/peach-grape-mango-elf-vpr3000-salts
Miami Ice - ELF VPR3000 Salts - 30mL,https://www.elementvape.com/miami-ice-elf-vpr3000-salts
Mango Ice - ELF VPR3000 Salts - 30mL,https://www.elementvape.com/mango-ice-elf-vpr3000-salts
Lush Melon Ice - ELF VPR3000 Salts - 30mL,https://www.elementvape.com/lush-melon-ice-elf-vpr3000-salts
Grape Bubblegum - ELF VPR3000 Salts - 30mL,https://www.elementvape.com/grape-bubblegum-elf-vpr3000-salts
Blue Razz - ELF VPR3000 Salts - 30mL,https://www.elementvape.com/blue-razz-elf-vpr3000-salts
Strawberry Splash - ELF VPR120 - 120mL,https://www.elementvape.com/strawberry-splash-elf-vpr120
Strawberry Lemonade - ELF VPR120 - 120mL,https://www.elementvape.com/strawberry-lemonade-elf-vpr120
Sour Apple Pear - ELF VPR120 - 120mL,https://www.elementvape.com/sour-apple-pear-elf-vpr120
Purple Peach - ELF VPR120 - 120mL,https://www.elementvape.com/purple-peach-elf-vpr120
Dragonfruit Watermelon - ELF VPR120 - 120mL,https://www.elementvape.com/dragonfruit-watermelon-elf-vpr120
Blue Razz - ELF VPR120 - 120mL,https://www.elementvape.com/blue-razz-elf-vpr120
FREEZE Passionfruit Orange Guava - Juice Head Salts - 30mL,https://www.elementvape.com/freeze-passionfruit-orange-guava-juice-head-salts
Passionfruit Orange Guava - Juice Head Salts - 30mL,https://www.elementvape.com/passionfruit-orange-guava-juice-head-salts
FREEZE Passionfruit Orange Guava - Juice Head - 100mL,https://www.elementvape.com/freeze-passionfruit-orange-guava-juice-head
Passionfruit Orange Guava - Juice Head - 100mL,https://www.elementvape.com/passionfruit-orange-guava-juice-head
French Dude - Blueberry by Breakfast Classics - 100mL,https://www.elementvape.com/blueberry-french-dude
French Dude - Apple Fritter by Breakfast Classics - 100mL,https://www.elementvape.com/apple-fritter-french-dude
Pancake Man - Strawberry by Breakfast Classics - 100mL,https://www.elementvape.com/strawberry-pancake-man
Pancake Man - Double Berry by Breakfast Classics - 100mL,https://www.elementvape.com/double-berry-pancake-man
Pancake Man - Boysenberry by Breakfast Classics Salts - 30mL,https://www.elementvape.com/boysenberry-pancake-man-salts
Strawberry Watermelon Peach - Innevape Salts - 30mL,https://www.elementvape.com/strawberry-watermelon-peach-innevape-salts
Strawberry Watermelon Peach Menthol - Innevape Salts - 30mL,https://www.elementvape.com/strawberry-watermelon-peach-menthol-innevape-salts
Groovin Aloe Grape - Pod Monster Salts - 60mL,https://www.elementvape.com/groovin-aloe-grape-pod-monster-salts
Lit Lemon Tart - Pod Monster Salts - 60mL,https://www.elementvape.com/lit-lemon-tart-pod-monster-salts
White Peach Razz - Pod Monster Salts - 60mL,https://www.elementvape.com/white-peach-razz-pod-monster-salts
Strawberry Scoops - Pod Monster Salts - 60mL,https://www.elementvape.com/strawberry-scoops-pod-monster-salts
Cranberry Grape - Pod Monster Salts - 60mL,https://www.elementvape.com/cranberry-grape-pod-monster-salts
Mango Madness - Pod Monster Salts - 60mL,https://www.elementvape.com/mango-madness-pod-monster-salts
Pineapple Ice - Pod Monster Salts - 60mL,https://www.elementvape.com/pineapple-ice-pod-monster-salts
Jelly Bear - Pod Monster Salts - 60mL,https://www.elementvape.com/jelly-bear-pod-monster-salts
Tropic Thunder - Pod Monster Salts - 60mL,https://www.elementvape.com/tropic-thunder-pod-monster-salts
Strawberry Watermelon Peach Ice - Innevape - 100mL,https://www.elementvape.com/strawberry-watermelon-peach-ice-innevape
Strawberry Watermelon Peach - Innevape - 100mL,https://www.elementvape.com/strawberry-watermelon-peach-innevape
Pineapple Apple Pear - Bar Juice - 100mL,https://www.elementvape.com/pineapple-apple-pear-bar-juice
Cherry Lemon - Bar Juice - 100mL,https://www.elementvape.com/cherry-lemon-bar-juice
Pineapple Apple Pear - Bar Juice Salts - 30mL,https://www.elementvape.com/pineapple-apple-pear-bar-juice-salts
Cherry Lemon - Bar Juice Salts - 30mL,https://www.elementvape.com/cherry-lemon-bar-juice-salts
ICED Bubble Grapes Mix - VGOD Salts - 30mL,https://www.elementvape.com/iced-bubble-grapes-mix-vgod-salts
ICED Strawberry Apple Mix - VGOD Salts - 30mL,https://www.elementvape.com/iced-strawberry-apple-mix-vgod-salts
Fresh Watermelon Apple - Salt Bae 50 - 30mL,https://www.elementvape.com/fresh-watermelon-apple-salt-bae
Watermelon Wedges - Candy King On Salt - 30mL,https://www.elementvape.com/watermelon-wedges-candy-king-on-salt-30ml
Watermelon Ice - Urban Tale x Lost Mary Salts - 30mL,https://www.elementvape.com/watermelon-ice-urban-tale-salts
Tropic Mango Ice - Urban Tale x Lost Mary Salts - 30mL,https://www.elementvape.com/tropic-mango-ice-urban-tale-salts
Strawberry Mango - Urban Tale x Lost Mary Salts - 30mL,https://www.elementvape.com/strawberry-mango-urban-tale-salts
Triple Berry Ice - Urban Tale x Lost Mary Salts - 30mL,https://www.elementvape.com/triple-berry-ice-urban-tale-salts
Grapple Peach - Urban Tale x Lost Mary Salts - 30mL,https://www.elementvape.com/grapple-peach-urban-tale
Strawberry Ice - Urban Tale x Lost Mary Salts - 30mL,https://www.elementvape.com/strawberry-ice-urban-tale-salts
Gami - Urban Tale x Lost Mary Salts - 30mL,https://www.elementvape.com/gami-urban-tale
California Cherry - Urban Tale x Lost Mary Salts - 30mL,https://www.elementvape.com/california-cherry-urban-tale
Blueberry Cloudd - Urban Tale x Lost Mary Salts - 30mL,https://www.elementvape.com/blueberry-cloudd-urban-tale
Lemon Lime - Urban Tale x Lost Mary Salts - 30mL,https://www.elementvape.com/lemon-lime-urban-tale-salts
Blue Razz Ice - Urban Tale x Lost Mary Salts - 30mL,https://www.elementvape.com/blue-razz-ice-urban-tale
Strawberry Pina Ice - FUYL SALTS - 30mL,https://www.elementvape.com/strawberry-pina-ice-fuyl-salts
Peach Mango Watermelon - FUYL SALTS - 30mL,https://www.elementvape.com/peach-mango-watermelon-fuyl-salts
Cranberry Grape - FUYL SALTS - 30mL,https://www.elementvape.com/cranberry-grape-fuyl-salts
Strawberry Melon Apple - FUYL SALTS - 30mL,https://www.elementvape.com/strawberry-melon-apple-fuyl-salts
Lemon Lime Ice - FUYL SALTS - 30mL,https://www.elementvape.com/lemon-lime-ice-fuyl-salts
Blue Razz Lemonade - FUYL SALTS - 30mL,https://www.elementvape.com/blue-razz-lemonade-fuyl-salts
Strawberry Pina Ice - FUYL - 100mL,https://www.elementvape.com/strawberry-pina-ice-fuyl
Peach Mango Watermelon - FUYL - 100mL,https://www.elementvape.com/peach-mango-watermelon-fuyl
Cranberry Grape - FUYL - 100mL,https://www.elementvape.com/cranberry-grape-fuyl
Strawberry Melon Apple - FUYL - 100mL,https://www.elementvape.com/strawberry-melon-apple-fuyl
Lemon Lime Ice - FUYL - 100mL,https://www.elementvape.com/lemon-lime-ice-fuyl
Blue Razz Lemonade - FUYL - 100mL,https://www.elementvape.com/blue-razz-lemonade-fuyl
White Gummy Ice - Pod Juice Salts x RAZ E-Liquid - 30mL,https://www.elementvape.com/white-gummy-ice-pod-juice-raz-salts
Straw Watermelon Bubblegum Ice - Pod Juice Salts x RAZ E-Liquid - 30mL,https://www.elementvape.com/straw-watermelon-bubblegum-ice-pod-juice-raz-salts
Strawberry Glazed Donut - Pod Juice Salts x RAZ E-Liquid - 30mL,https://www.elementvape.com/strawberry-glazed-donut-pod-juice-raz-salts
Strawberry Lolly - Pod Juice Salts x RAZ E-Liquid - 30mL,https://www.elementvape.com/strawberry-lolly-pod-juice-raz-salts
Pink Berries - Pod Juice Salts x RAZ E-Liquid - 30mL,https://www.elementvape.com/pink-berries-pod-juice-raz-salts
Miami Mint - Pod Juice Salts x RAZ E-Liquid - 30mL,https://www.elementvape.com/miami-mint-pod-juice-raz-salts
Jolly Green Apple - Pod Juice Salts x RAZ E-Liquid - 30mL,https://www.elementvape.com/jolly-green-apple-pod-juice-raz-salts
Jolly Blue Razz Ice - Pod Juice Salts x RAZ E-Liquid - 30mL,https://www.elementvape.com/jolly-blue-razz-ice-pod-juice-raz-salts
Blue Razz Cotton Clouds - Pod Juice Salts x RAZ E-Liquid - 30mL,https://www.elementvape.com/blue-razz-cotton-clouds-pod-juice-raz-salts
White Gummy Ice - Pod Juice x RAZ E-Liquid - 100mL,https://www.elementvape.com/white-gummy-ice-pod-juice-raz
Watermelon Skittz - Pod Juice x RAZ E-Liquid - 100mL,https://www.elementvape.com/watermelon-skittz-pod-juice-raz
Tropical Vice City Ice - Pod Juice x RAZ E-Liquid - 100mL,https://www.elementvape.com/tropical-vice-city-ice-pod-juice-raz
Strawberry Lolly - Pod Juice x RAZ E-Liquid - 100mL,https://www.elementvape.com/strawberry-lolly-pod-juice-raz
Strawberry Glazed Donut - Pod Juice x RAZ E-Liquid - 100mL,https://www.elementvape.com/strawberry-glazed-donut-pod-juice-raz
Pink Burst Chew - Pod Juice x RAZ E-Liquid - 100mL,https://www.elementvape.com/pink-burst-chew-pod-juice-raz
Jolly Watermelon - Pod Juice x RAZ E-Liquid - 100mL,https://www.elementvape.com/jolly-watermelon-pod-juice-raz
Jolly Blue Razz Ice - Pod Juice x RAZ E-Liquid - 100mL,https://www.elementvape.com/jolly-blue-razz-ice-pod-juice-raz
Sour Apple Bubblegum - BLVK Bubba Salts - 30mL,https://www.elementvape.com/sour-apple-bubblegum-blvk-bubba-salts
Melon Bubblegum - BLVK Bubba Salts - 30mL,https://www.elementvape.com/melon-bubblegum-blvk-bubba-salts
Grape Bubblegum - BLVK Bubba Salts - 30mL,https://www.elementvape.com/grape-bubblegum-blvk-salts
Blue Razz Bubblegum - BLVK Bubba Salts - 30mL,https://www.elementvape.com/bluerazz-bubblegum-blvk-salts
Gummy Bears - Candy King Salts - 30mL,https://www.elementvape.com/gummy-bears-candy-king-salts
Mystery Air Balloons - Candy King Salts - 30mL,https://www.elementvape.com/mystery-air-balloons-candy-king-salts
Strawberry Pop Drops - Candy King Salts - 30mL,https://www.elementvape.com/strawberry-pop-drops-candy-king-salts
Gummy Bears - Candy King - 100mL,https://www.elementvape.com/gummy-bears-candy-king
Mystery Air Balloons - Candy King - 100mL,https://www.elementvape.com/mystery-air-balloons-candy-king
Strawberry Pop Drops - Candy King - 100mL,https://www.elementvape.com/strawberry-pop-drops-candy-king
Pineapple Lush Ice - Pachamama Salts - 30mL,https://www.elementvape.com/pineapple-lush-ice-pachamama-salts
Strawberry Passionfruit Ice - Pachamama Salts - 30mL,https://www.elementvape.com/strawberry-passionfruit-ice-pachamama-salts
Mango Lemon Lychee - Pachamama Salts - 30mL,https://www.elementvape.com/mango-lemon-lychee-pachamama-salts
Lemon Apple Ice - Pachamama Salts - 30mL,https://www.elementvape.com/lemon-apple-ice-pachamama-salts
Strawberry Kiwi Ice - Pachamama Salts - 30mL,https://www.elementvape.com/strawberry-kiwi-ice-pachamama-salts
Peach Pear Ice - Pachamama Salts - 30mL,https://www.elementvape.com/peach-pear-ice-pachamama-salts
Blueberry Watermelon Pomegranate - Pachamama Salts - 30mL,https://www.elementvape.com/blueberry-watermelon-pomegranate-pachamama-salts
Strawberry Orange Banana - Pachamama Salts - 30mL,https://www.elementvape.com/strawberry-orange-banana-pachamama-salts
FREEZE Watermelon Strawberry - Juice Head Salts - 30mL,https://www.elementvape.com/freeze-watermelon-strawberry-juice-head-salts
Watermelon Strawberry - Juice Head Salts - 30mL,https://www.elementvape.com/watermelon-strawberry-juice-head-salts
FREEZE Watermelon Strawberry - Juice Head - 100mL,https://www.elementvape.com/freeze-watermelon-strawberry-juice-head
Watermelon Strawberry - Juice Head - 100mL,https://www.elementvape.com/watermelon-strawberry-juice-head
Cherry Watermelon - BLVK Melon Salts - 30mL,https://www.elementvape.com/cherry-watermelon-blvk-salts
Blue Razz Watermelon - BLVK Melon Salts - 30mL,https://www.elementvape.com/blue-razz-watermelon-blvk-salts
Original Watermelon - BLVK Melon Salts - 30mL,https://www.elementvape.com/original-watermelon-blvk-salts
Strawberry Watermelon - BLVK Melon Salts - 30mL,https://www.elementvape.com/strawberry-watermelon-blvk-salts
Melon Medley Watermelon - BLVK Melon Salts - 30mL,https://www.elementvape.com/melon-medley-watermelon-blvk-salts
Milky Loops - The One - Beard Vape - 100mL,https://www.elementvape.com/milky-loops-the-one
Pixie Dip - Noms 100 by Nomenon - 100mL,https://www.elementvape.com/pixie-dip-nomenon
Blue Razz Shark - Noms 100 by Nomenon - 100mL,https://www.elementvape.com/blue-razz-shark-nomenon
Guava Grapefruit Limeade - Noms 100 by Nomenon - 100mL,https://www.elementvape.com/guava-grapefruit-limeade-nomenon
Guava Mango Peach - Noms 100 by Nomenon - 100mL,https://www.elementvape.com/guava-peach-mango-cream-nomenon
Pineapple Coconut Spiced Rum - Freenoms by Nomenon - 100mL,https://www.elementvape.com/pienapple-coconut-rum-nomenon
Black Cherry Sour Apple - Noms 100 by Nomenon - 100mL,https://www.elementvape.com/black-cherry-sour-apple-nomenon
Heisenberg Sour Apple Menthol - Innevape Salts - 30mL,https://www.elementvape.com/heisenberg-sour-apple-menthol-innevape-salts
Heisenberg Sour Apple Menthol - Innevape - 100mL,https://www.elementvape.com/heisenberg-sour-apple-menthol-innevape
Heisenberg Sour Apple - Innevape Salts - 30mL,https://www.elementvape.com/heisenberg-sour-apple-innevape-salts
Heisenberg Sour Apple - Innevape - 100mL,https://www.elementvape.com/heisenberg-sour-apple-innevape
Black Cherry Blow Pop - BSX Salt Series - 30mL,https://www.elementvape.com/black-cherry-blow-pop-bsx-salts
Strawberry Watermelon Bubblegum - BSX Salt Series - 30mL,https://www.elementvape.com/strawberry-watermelon-bubblegum-bsx-salts
Pineapple Mango Chew - BSX Salt Series - 30mL,https://www.elementvape.com/pineapple-mango-chew-bsx-salts
Mystery Head - BSX Salt Series - 30mL,https://www.elementvape.com/mystery-head-bsx-salts
Kiwi Berry Burst - BSX Salt Series - 30mL,https://www.elementvape.com/kiwi-berry-burst-bsx-salts
Grape Blow Pop - BSX Salt Series - 30mL,https://www.elementvape.com/grape-blow-pop-bsx-salts
Blue Razz Lemonade - BSX Salt Series - 30mL,https://www.elementvape.com/blue-razz-lemonade-bsx-salts
Madrina - Suicide Bunny Salts - 30mL,https://www.elementvape.com/madrina-suicide-bunny-salts
Sucker Punch - Suicide Bunny Salts - 30mL,https://www.elementvape.com/sucker-punch-suicide-bunny-salts
Mother's Milk - Suicide Bunny Salts - 30mL,https://www.elementvape.com/mothers-milk-suicide-bunny-salts
Derailed - Suicide Bunny Salts - 30mL,https://www.elementvape.com/derailed-suicide-bunny-salts
Purple Grape Ice - Yogi Delights Salts - 30mL,https://www.elementvape.com/purple-grape-ice-yogi-delights-salts
Strawberry Ice - Yogi Delights Salts - 30mL,https://www.elementvape.com/strawberry-ice-yogi-delights-salts
Strawberry Ice - Yogi Delights - 100mL,https://www.elementvape.com/strawberry-ice-yogi-delights
Purple Grape Ice - Yogi Delights - 100mL,https://www.elementvape.com/purple-grape-ice-yogi-delights
Blood Orange Peach - Coastal Clouds Salts - 30mL,https://www.elementvape.com/blood-orange-peach-coastal-clouds-salts
ICED Blood Orange Peach - Coastal Clouds Salts - 30mL,https://www.elementvape.com/iced-blood-orange-peach-coastal-clouds-salts
ICED Blood Orange Peach - Coastal Clouds Co. - 60mL,https://www.elementvape.com/iced-blood-orange-peach-coastal-clouds
Blood Orange Peach - Coastal Clouds Co. - 60mL,https://www.elementvape.com/blood-orange-peach-coastal-clouds
FREEZE Sour Fruity Worms - Pod Juice - 100mL,https://www.elementvape.com/freeze-sour-fruity-worms-pod-juice
Banana - Johnny Creampuff Salts - 30mL,https://www.elementvape.com/banana-johnny-creampuff-salts
Raspberry - Johnny Creampuff Salts - 30mL,https://www.elementvape.com/raspberry-johnny-creampuff-salts
Apple Butter - Johnny Creampuff Salts - 30mL,https://www.elementvape.com/apple-butter-johnny-creampuff-salts
Mango - Johnny Creampuff Salts - 30mL,https://www.elementvape.com/mango-johnny-creampuff-salts
Raspberry - Johnny Creampuff - 100mL,https://www.elementvape.com/raspberry-johnny-creampuff
Apple Butter - Johnny Creampuff - 100mL,https://www.elementvape.com/apple-butter-johnny-creampuff
Mango - Johnny Creampuff - 100mL,https://www.elementvape.com/mango-johnny-creampuff
FREEZE Apple Watermelon - Juice Head Salts - 30mL,https://www.elementvape.com/freeze-apple-watermelon-juice-head-salts
Mango - Jam Monster Liquid - 100mL,https://www.elementvape.com/mango-jam-monster
Glazed Donut Blueberry - Pod Juice - 100mL,https://www.elementvape.com/glazed-donut-blueberry-pod-juice
Fried Banana - Humble Salts - 30mL,https://www.elementvape.com/fried-banana-humble-salts
Blue Slushee - Humble Salts - 30mL,https://www.elementvape.com/blue-slushee-humble-salts
Mango - Jam Monster Salts - 30mL,https://www.elementvape.com/mango-jam-monster-salts
Apple Pearadise MENTHOL - The Finest Fruit Edition Salt Nic - 30mL,https://www.elementvape.com/apple-pearadise-menthol-finest-salts
FREEZE Apple Watermelon - Juice Head - 100mL,https://www.elementvape.com/freeze-apple-watermelon-juice-head
Apple Watermelon - Juice Head - 100mL,https://www.elementvape.com/apple-watermelon-juice-head
Malibu - Pod Juice PJ5000 - 30mL,https://www.elementvape.com/malibu-pod-juice-pj5000
Peach Mango Watermelon - Pod Juice PJ5000 - 30mL,https://www.elementvape.com/peach-mango-watermelon-pod-juice-pj5000
Strawberry Mango - Pod Juice PJ5000 - 30mL,https://www.elementvape.com/strawberry-mango-pod-juice-pj5000
Strawberry Watermelon - Pod Juice PJ5000 - 30mL,https://www.elementvape.com/strawberry-watermelon-pod-juice-pj5000
Strawberry Milk - Moo Salts - 30mL,https://www.elementvape.com/strawberry-milk-moo-salts
ICE Double Mango - Frozen Fruit Monster Salts - 30mL,https://www.elementvape.com/ice-double-mango-frozen-fruit-monster-salts
ICE Double Mango - Frozen Fruit Monster - 100mL,https://www.elementvape.com/ice-double-mango-frozen-fruit-monster
Flavor Free - Humble Salts - 30mL,https://www.elementvape.com/flavor-free-humble-salts
Paradise Punch - Hi-Drip - 100mL,https://www.elementvape.com/paradise-punch-hi-drip
ICED Mango Lemonade - Hi-Drip - 100mL,https://www.elementvape.com/iced-mango-lemonade-hi-drip
Mango Lemonade - Hi-Drip - 100mL,https://www.elementvape.com/mango-lemonade-hi-drip
Caramel Pear - Hi-Drip - 100mL,https://www.elementvape.com/caramel-pear-hi-drip
Apple Peach Pear - Kilo Revival Salts - 30mL,https://www.elementvape.com/apple-peach-pear-kilo-revival-salts
Cranberry Grape Apple - Kilo Revival Salts - 30mL,https://www.elementvape.com/cranberry-grape-apple-kilo-revival-salts
Apple Peach Pear - Kilo Revival - 100mL,https://www.elementvape.com/apple-peach-pear-kilo-revival
Raspberry Lemonade - Kilo Revival Salts - 30mL,https://www.elementvape.com/raspberry-lemonade-kilo-revival-salts
Watermelon Lime - Kilo Revival Salts - 30mL,https://www.elementvape.com/watermelon-lime-kilo-revival-salts
Cranberry Grape Apple - Kilo Revival - 100mL,https://www.elementvape.com/cranberry-grape-apple-kilo-revival
Raspberry Lemonade - Kilo Revival - 100mL,https://www.elementvape.com/raspberry-lemonade-kilo-revival
Watermelon Lime - Kilo Revival - 100mL,https://www.elementvape.com/watermelon-lime-kilo-revival
Watermelon Lime - Better Salt by Vapetasia - 30mL,https://www.elementvape.com/watermelon-lime-vapetasia-pod-punch-salts
Blue Razz Lemon - Better Salt by Vapetasia - 30mL,https://www.elementvape.com/blue-razz-lemon-vapetasia-pod-punch-salts
Hawaiian P.O.G. - Better Salt by Vapetasia - 30mL,https://www.elementvape.com/hawaiian-pog-vapetasia-pod-punch-salts
Strawberry Banana - Better Salt by Vapetasia - 30mL,https://www.elementvape.com/strawberry-banana-vapetasia-pod-punch-salts
Strawberry Kiwi - Better Salt by Vapetasia - 30mL,https://www.elementvape.com/strawberry-kiwi-vapetasia-pod-punch-salts
Banana Pineapple Ice - Yogi Blends Salts - 30mL,https://www.elementvape.com/banana-pineapple-ice-yogi-blend-salts
Apple Peach Ice - Yogi Blends Salts - 30mL,https://www.elementvape.com/apple-peach-ice-yogi-blend-salt
Banana Watermelon Ice - Yogi Blends Salts - 30mL,https://www.elementvape.com/banana-watermelon-ice-yogi-blends-salt
Banana Watermelon Ice - Yogi Blends - 100mL,https://www.elementvape.com/banana-watermelon-ice-yogi
Apple Peach Ice - Yogi Blends - 100mL,https://www.elementvape.com/apple-peach-ice-yogi
Banana Pineapple Ice - Yogi Blends - 100mL,https://www.elementvape.com/banana-pineapple-ice-yogi
Strawnana - The Pancake House - GOST Vapor - 100mL,https://www.elementvape.com/strawnana-gost-vapor
Jool Mango - Bar Juice Salts - 30mL,https://www.elementvape.com/jull-mango-bar-juice-salts
White Gummy - Bar Juice Salts - 30mL,https://www.elementvape.com/white-gummy-bar-juice-salts
Jool Mango - Bar Juice - 100mL,https://www.elementvape.com/jull-mango-bar-juice
White Gummy - Bar Juice - 100mL,https://www.elementvape.com/white-gummy-bar-juice
Raspberry Granola Bar - Yogi Salts E-Liquid - 30mL,https://www.elementvape.com/raspberry-granola-bar-yogi-salts
Raspberry Granola Bar - Yogi E-Liquid - 60mL,https://www.elementvape.com/raspberry-granola-bar-yogi
Citrus Granola Bar - Yogi Salts E-Liquid - 30mL,https://www.elementvape.com/citrus-granola-bar-yogi-salts
Citrus Granola Bar - Yogi E-Liquid - 60mL,https://www.elementvape.com/citrus-granola-bar-yogi
Grape Jam Granola Bar - Yogi Salts E-Liquid - 30mL,https://www.elementvape.com/grape-jam-granola-bar-yogi-salts
Grape Jam Granola Bar - Yogi E-Liquid - 60mL,https://www.elementvape.com/grape-jam-granola-bar-yogi
Peach Cobbler Granola Bar - Yogi Salts E-Liquid - 30mL,https://www.elementvape.com/peach-cobbler-granola-bar-yogi-salts
Peach Cobbler Granola Bar - Yogi E-Liquid - 60mL,https://www.elementvape.com/peach-cobbler-granola-bar-yogi
Blackberry Granola Bar - Yogi Salts E-Liquid - 30mL,https://www.elementvape.com/blackberry-granola-bar-yogi-salts
Blackberry Granola Bar - Yogi E-Liquid - 60mL,https://www.elementvape.com/blackberry-granola-bar-yogi
Strawberry Crumble - Air Factory Salts - 30mL,https://www.elementvape.com/strawberry-crumble-air-factory-salts
Strawberry Crumble - Air Factory - 60mL,https://www.elementvape.com/strawberry-crumble-air-factory
Watermelon Strawberry Ice - Air Factory Salts - 30mL,https://www.elementvape.com/watermelon-strawberry-ice-air-factory-salts
Watermelon Strawberry Ice - Air Factory - 60mL,https://www.elementvape.com/watermelon-strawberry-ice-air-factory
Heisenberg Lemon Sour Menthol - Innevape Salts - 30mL,https://www.elementvape.com/heisenberg-lemon-sour-menthol-innevape-salts
Heisenberg Lemon Sour Menthol - Innevape - 100mL,https://www.elementvape.com/heisenberg-lemon-sour-menthol-innevape
Heisenberg Lemon Sour - Innevape Salts - 30mL,https://www.elementvape.com/heisenberg-lemon-sour-innevape-salts
Heisenberg Lemon Sour - Innevape - 100mL,https://www.elementvape.com/heisenberg-lemon-sour-innevape
Heisenberg Berry Menthol - Innevape Salts - 30mL,https://www.elementvape.com/heisenberg-berry-menthol-innevape-salts
Heisenberg Berry Menthol - Innevape - 100mL,https://www.elementvape.com/heisenberg-berry-menthol-innevape
Strawberry - The Milk Salts - 30mL,https://www.elementvape.com/strawberry-the-milk-salts
Strawberry - The Milk - 100mL,https://www.elementvape.com/strawberry-the-milk
Pink Burst - Fruitia Salts - 30mL,https://www.elementvape.com/pink-burst-fruitia-salts
Pacific Cooler - Fruitia Salts - 30mL,https://www.elementvape.com/pacific-cooler-fruitia-salts
Caribbean Breeze - Fruitia Salts - 30mL,https://www.elementvape.com/caribbean-breeze-fruitia-salts
Watermelon Lemonade - Juice Roll Upz Remix Salts - 30mL,https://www.elementvape.com/watermelon-lemonade-juice-roll-upz-salt
Watermelon Lemonade - Juice Roll Upz Remix - 100mL,https://www.elementvape.com/watermelon-lemonade-juice-roll-upz
Lemon Lime Soda - Juice Roll Upz Remix Salts - 30mL,https://www.elementvape.com/lemon-lime-soda-juice-roll-upz-salt
Lemon Lime Soda - Juice Roll Upz Remix - 100mL,https://www.elementvape.com/lemon-lime-soda-juice-roll-upz
Mango Peach - Juice Roll Upz Remix Salts - 30mL,https://www.elementvape.com/mango-peach-juice-roll-upz-salt
Mango Peach - Juice Roll Upz Remix - 100mL,https://www.elementvape.com/mango-peach-juice-roll-upz
Apple Peach Ice - BLVK Fuji Salts - 30mL,https://www.elementvape.com/apple-peach-blvk-fuji-salts
Apple Watermelon Ice - BLVK Fuji Salts - 30mL,https://www.elementvape.com/apple-watermelon-blvk-fuji-salts
Apple Grape Ice - BLVK Fuji Salts - 30mL,https://www.elementvape.com/apple-grape-blvk-fuji-salts
Apple Strawberry Ice - BLVK Fuji Salts - 30mL,https://www.elementvape.com/apple-strawberry-blvk-fuji-salts
Apple Blueberry Ice - BLVK Fuji Salts - 30mL,https://www.elementvape.com/apple-blueberry-blvk-fuji-salts
Original Apple Ice - BLVK Fuji Salts - 30mL,https://www.elementvape.com/original-apple-blvk-fuji-salts
Frozty Mango - Juice Roll-Upz - 100mL,https://www.elementvape.com/frozty-mango-juice-roll-upz
Nom Pops - Noms 100 by Nomenon - 100mL,https://www.elementvape.com/nom-pops-nomenon
Cranberry Grape - Pod Juice PJ5000 - 30mL,https://www.elementvape.com/cranberry-grape-pod-juice-pj5000-salts
Lime In The Coconut - BLANK BAR Salts - 30mL,https://www.elementvape.com/lime-coconut-blank-bar-salts
Strawberry Bliss - BLANK BAR Salts - 30mL,https://www.elementvape.com/strawberry-bliss-blank-bar-salts
Diamond Ice - BLANK BAR Salts - 30mL,https://www.elementvape.com/diamond-ice-blank-bar-salts
Melon Breezy - BLANK BAR Salts - 30mL,https://www.elementvape.com/melon-breezy-blank-bar-salts
Passion Citrus - BLANK BAR Salts - 30mL,https://www.elementvape.com/passion-citrus-blank-bar-salts
Peach Cabana - BLANK BAR Salts - 30mL,https://www.elementvape.com/peach-cabana-blank-bar-salts
Green Aloe Apple - BLANK BAR Salts - 30mL,https://www.elementvape.com/green-aloe-apple-blank-bar-salts
Guava Obsession - BLANK BAR Salts - 30mL,https://www.elementvape.com/guava-obsession-blank-bar-salts
Electric Apple Candy - BLANK BAR Salts - 30mL,https://www.elementvape.com/electric-apple-candy-blank-bar-salts
Melon Spearmint - BLVK Mint Salts - 30mL,https://www.elementvape.com/melon-spearmint-blvk-mint-salts
Apple Spearmint - BLVK Mint Salts - 30mL,https://www.elementvape.com/apple-spearmint-blvk-mint-salts
Lime Spearmint - BLVK Mint Salts - 30mL,https://www.elementvape.com/lime-spearmint-blvk-mint-salts
Cherry Spearmint - BLVK Mint Salts - 30mL,https://www.elementvape.com/cherry-spearmint-blvk-mint
Peachy Guava - BLVK Frost Salts - 30mL,https://www.elementvape.com/peachy-guava-blvk-frost-salts
Passion Guava - BLVK Frost Salts - 30mL,https://www.elementvape.com/passion-guava-blvk-frost-salts
Mango Pineapple - BLVK Frost Salts - 30mL,https://www.elementvape.com/mango-pineapple-blvk-frost-salts
Grape Berry - BLVK Frost Salts - 30mL,https://www.elementvape.com/grape-berry-blvk-frost-salts
Blue Lemon - BLVK Frost Salts - 30mL,https://www.elementvape.com/blue-lemon-blvk-frost-salts
Apple Berry - BLVK Frost Salts - 30mL,https://www.elementvape.com/apple-berry-blvk-frost-salts
ICED Red White and Berry - Coastal Clouds Salt - 30mL,https://www.elementvape.com/iced-red-white-and-berry-coastal-clouds-salt
Red White and Berry - Coastal Clouds Salt - 30mL,https://www.elementvape.com/red-white-and-berry-coastal-clouds-salt
Vanilla Tobacco - Coastal Clouds - 60mL,https://www.elementvape.com/vanilla-tobacco-coastal-clouds
ICED Red White and Berry - Coastal Clouds - 60mL,https://www.elementvape.com/iced-red-white-and-berry-coastal-clouds
Red White and Berry - Coastal Clouds - 60mL,https://www.elementvape.com/red-white-and-berry-coastal-clouds
ICE Fuji Apple - Juice Roll Upz - 120mL,https://www.elementvape.com/ice-fuji-apple-juice-roll-upz
Strawberry Apple Watermelon - Pod Juice - 30mL,https://www.elementvape.com/strawberry-apple-watermelon-pod-juice-salts
Pink Burst - Fruitia - 60mL,https://www.elementvape.com/pink-burst-fruitia
Pacific Cooler - Fruitia - 60mL,https://www.elementvape.com/pacific-cooler-fruitia
Caribbean Breeze - Fruitia - 60mL,https://www.elementvape.com/caribbean-breeze-fruitia
Unicorn Milk - Cuttwood Salts - 30mL,https://www.elementvape.com/unicorn-milk-cuttwood-salts
Mega Melons - Cuttwood Salts - 30mL,https://www.elementvape.com/mega-melons-cuttwood-salts
Boss Reserve - Cuttwood Salts - 30mL,https://www.elementvape.com/boss-reserve-cuttwood-salts
Bird Brains - Cuttwood Salts - 30mL,https://www.elementvape.com/bird-brains-cuttwood-salts
Watermelon Strawberry - Air Factory Salts - 30mL,https://www.elementvape.com/watermelon-strawberry-air-factory-salts
Red Apple - Air Factory Salts - 30mL,https://www.elementvape.com/red-apple-air-factory-salts
Pink Berry - Air Factory Salts - 30mL,https://www.elementvape.com/pink-berry-air-factory-salts
Watermelon Strawberry - Air Factory - 60mL,https://www.elementvape.com/watermelon-strawberry-air-factory
Red Apple - Air Factory - 60mL,https://www.elementvape.com/red-apple-air-factory
Pink Berry - Air Factory - 60mL,https://www.elementvape.com/pink-berry-air-factory
Pink Punch No. 1 - Twist E-Liquid - 120mL,https://www.elementvape.com/pink-punch-lemonade-by-lemon-twist-120ml
Sour Fruity Worms - Pod Juice - 30mL,https://www.elementvape.com/sour-gummy-worms-pod-juice-salts
Moonrocks - Strawberry Frost - Mr Freeze - 100mL,https://www.elementvape.com/moonrocks-strawberry-frost-mr-freeze
Frozen Hulk Tears Straw Melon Chew - Hulk Tears Salts - 30mL,https://www.elementvape.com/frozen-hulk-tears-straw-melon-chew-mighty-salts
Hulk Tears Straw Melon Chew - Hulk Tears Salts - 30mL,https://www.elementvape.com/hulk-tears-straw-melon-chew-mighty-salts
Frozen Hulk Tears Straw Melon Chew - Hulk Tears - 100mL,https://www.elementvape.com/frozen-hulk-tears-straw-melon-chew-mighty-vapors
Hulk Tears Straw Melon Chew - Hulk Tears - 100mL,https://www.elementvape.com/hulk-tears-straw-melon-chew-mighty-vapors
Frozen Blue Razz Straw Melon Chew - Hulk Tears Salts - 30mL,https://www.elementvape.com/frozen-blue-razz-strawmelon-chew-hulk-tears-salts
Blue Razz Straw Melon Chew - Hulk Tears Salts - 30mL,https://www.elementvape.com/blue-razz-strawmelon-chew-hulk-tears-salts
Frozen Blue Razz Straw Melon Chew - Hulk Tears - 100mL,https://www.elementvape.com/frozen-blue-razz-strawmelon-hulk-tears
Blue Razz Straw Melon Chew - Hulk Tears - 100mL,https://www.elementvape.com/blue-razz-strawmelon-chew-hulk-tears
Frozen White Gummy Straw Melon Chew - Hulk Tears Salts - 30mL,https://www.elementvape.com/frozen-white-gummy-hulk-tears-mighty-salts
Frozen Watermelon Straw Melon Chew - Hulk Tears Salts - 30mL,https://www.elementvape.com/frozen-watermelon-hulk-tears-mighty-salts
Frozen Sour Belts Straw Melon Chew - Hulk Tears Salts - 30mL,https://www.elementvape.com/frozen-sour-belts-hulk-tears-mighty-salts
Frozen Mango Straw Melon Chew - Hulk Tears Salts - 30mL,https://www.elementvape.com/frozen-mango-hulk-tears-mighty-salts
Frozen Green Apple Straw Melon Chew - Hulk Tears Salts - 30mL,https://www.elementvape.com/frozen-green-apple-hulk-tears-mighty-salts
White Gummy Straw Melon Chew - Hulk Tears Salts - 30mL,https://www.elementvape.com/white-gummy-hulk-tears-mighty-salts
Watermelon Straw Melon Chew - Hulk Tears Salts - 30mL,https://www.elementvape.com/watermelon-hulk-tears-mighty-salts
Sour Belts Straw Melon Chew - Hulk Tears Salts - 30mL,https://www.elementvape.com/sour-belts-hulk-tears-mighty-salts
Mango Straw Melon Chew - Hulk Tears Salts - 30mL,https://www.elementvape.com/mango-hulk-tears-mighty-salts
Green Apple Straw Melon Chew - Hulk Tears Salts - 30mL,https://www.elementvape.com/green-apple-hulk-tears-mighty-salts
Frozen White Gummy Straw Melon Chew - Hulk Tears - 100mL,https://www.elementvape.com/frozen-white-gummy-mighty-vapors
Frozen Watermelon Straw Melon Chew - Hulk Tears - 100mL,https://www.elementvape.com/frozen-watermelon-hulk-tears-mighty-vapors
Frozen Sour Belts Straw Melon Chew - Hulk Tears - 100mL,https://www.elementvape.com/frozen-sour-belts-hulk-tears-mighty-vapors
Frozen Mango Straw Melon Chew - Hulk Tears - 100mL,https://www.elementvape.com/frozen-mango-hulk-tears-mighty-vapors
Frozen Green Apple Straw Melon Chew - Hulk Tears - 100mL,https://www.elementvape.com/frozen-green-apple-hulk-tears-mighty-vapors
White Gummy Straw Melon Chew - Hulk Tears - 100mL,https://www.elementvape.com/white-gummy-hulk-tears-mighty-vapors
Watermelon Straw Melon Chew - Hulk Tears - 100mL,https://www.elementvape.com/watermelon-hulk-tears-mighty-vapors
Sour Belts Straw Melon Chew - Hulk Tears - 100mL,https://www.elementvape.com/sour-belts-hulk-tears-mighty-vapors
Mango Straw Melon Chew - Hulk Tears - 100mL,https://www.elementvape.com/mango-hulk-tears-mighty-vapors
Green Apple Straw Melon Chew - Hulk Tears - 100mL,https://www.elementvape.com/green-apple-hulk-tears-mighty-vapors
Moonrocks - Watermelon Frost - Mr Freeze Salts - 30mL,https://www.elementvape.com/moonrocks-watermelon-frost-mr-freeze-salts
Moonrocks - Strawberry Frost - Mr Freeze Salts - 30mL,https://www.elementvape.com/moonrocks-strawberry-frost-mr-freeze-salts
Moonrocks Frost - Mr Freeze Salts - 30mL,https://www.elementvape.com/moonrocks-frost-mr-freeze-salts
Moonrocks - Mr Freeze Salts - 30mL,https://www.elementvape.com/moonrocks-mr-freeze-salts
Moonrocks - Blue Razz - Mr Freeze Salts - 30mL,https://www.elementvape.com/moonrocks-blue-razz-mr-freeze-salts
Moonrocks - Blue Razz Frost - Mr Freeze Salts - 30mL,https://www.elementvape.com/moonrocks-blue-razz-frost-mr-freeze-salts
Moonrocks - Watermelon Frost - Mr Freeze - 100mL,https://www.elementvape.com/moonrocks-watermelon-frost-mr-freeze
Moonrocks Frost - Mr Freeze - 100mL,https://www.elementvape.com/moonrocks-frost-mr-freeze
Moonrocks - Mr Freeze - 100mL,https://www.elementvape.com/moonrocks-mr-freeze
Moonrocks - Blue Razz - Mr Freeze - 100mL,https://www.elementvape.com/moonrocks-blue-razz-mr-freeze
Moonrocks - Blue Razz Frost - Mr Freeze - 100mL,https://www.elementvape.com/moonrocks-blue-razz-frost-mr-freeze
Strawberry Vanilla Custard - Mr Custard Salts - 30mL,https://www.elementvape.com/strawberry-vanilla-custard-mr-custard-salts
Lemoncake Custard - Mr Custard Salts - 30mL,https://www.elementvape.com/lemoncake-custard-mr-custard-salts
Strawberry Vanilla Custard - Mr Custard - 100mL,https://www.elementvape.com/strawberry-vanilla-custard-mr-custard
Lemoncake Custard - Mr Custard - 100mL,https://www.elementvape.com/lemoncake-custard-mr-custard
Watermelon Frost - Mr Freeze Salts - 30mL,https://www.elementvape.com/watermelon-frost-mr-freeze-salts
Tangerine Frost - Mr Freeze Salts - 30mL,https://www.elementvape.com/tangerine-frost-mr-freeze-salts
Strawberry Watermelon Frost - Mr Freeze Salts - 30mL,https://www.elementvape.com/strawberry-watermelon-frost-mr-freeze-salts
Strawberry Mango Frost - Mr Freeze Salts - 30mL,https://www.elementvape.com/strawberry-mango-frost-mr-freeze-salts
Strawberry Lemonade Frost - Mr Freeze Salts - 30mL,https://www.elementvape.com/strawberry-lemonade-frost-mr-freeze-salts
Strawberry Lemonade - Mr Freeze Salts - 30mL,https://www.elementvape.com/strawberry-lemonade-mr-freeze-salts
Strawberry Kiwi Pom Frost - Mr Freeze Salts - 30mL,https://www.elementvape.com/strawberry-kiwi-pom-frost-mr-freeze-salts
Strawberry Frost - Mr Freeze Salts - 30mL,https://www.elementvape.com/strawberry-frost-mr-freeze-salts
Strawberry Banana Frost - Mr Freeze Salts - 30mL,https://www.elementvape.com/strawberry-banana-frost-mr-freeze-salts
Peach Frost - Mr Freeze Salts - 30mL,https://www.elementvape.com/peach-frost-mr-freeze-salts
Mango Frost - Mr Freeze Salts - 30mL,https://www.elementvape.com/mango-frost-mr-freeze-salts
Lush Frost - Mr Freeze Salts - 30mL,https://www.elementvape.com/lush-frost-mr-freeze-salts
Grape Green Apple Frost - Mr Freeze Salts - 30mL,https://www.elementvape.com/grape-green-apple-frost-mr-freeze-salts
Grape Frost - Mr Freeze Salts - 30mL,https://www.elementvape.com/grape-frost-mr-freeze-salts
Cherry Frost - Mr Freeze Salts - 30mL,https://www.elementvape.com/cherry-frost-mr-freeze-salts
Blue Razz Strawberry Frost - Mr Freeze Salts - 30mL,https://www.elementvape.com/blue-razz-strawberry-frost-mr-freeze-salts
Berry Frost - Mr Freeze Salts - 30mL,https://www.elementvape.com/berry-frost-mr-freeze-salts
Banana Frost - Mr Freeze Salts - 30mL,https://www.elementvape.com/banana-frost-mr-freeze-salts
Apple Frost - Mr Freeze Salts - 30mL,https://www.elementvape.com/apple-frost-mr-freeze-salts
Watermelon Frost - Mr Freeze - 100mL,https://www.elementvape.com/watermelon-frost-mr-freeze
Tangerine Frost - Mr Freeze - 100mL,https://www.elementvape.com/tangerine-frost-mr-freeze
Strawberry Watermelon Frost - Mr Freeze - 100mL,https://www.elementvape.com/strawberry-watermelon-frost-mr-freeze
Strawberry Mango Frost - Mr Freeze - 100mL,https://www.elementvape.com/strawberry-mango-frost-mr-freeze
Strawberry Lemonade Frost - Mr Freeze - 100mL,https://www.elementvape.com/strawberry-lemonade-frost-mr-freeze
Strawberry Lemonade - Mr Freeze - 100mL,https://www.elementvape.com/strawberry-lemonade-mr-freeze
Strawberry Kiwi Pom Frost - Mr Freeze - 100mL,https://www.elementvape.com/strawberry-kiwi-pom-frost-mr-freeze
Strawberry Frost - Mr Freeze - 100mL,https://www.elementvape.com/strawberry-frost-mr-freeze
Strawberry Banana Frost - Mr Freeze - 100mL,https://www.elementvape.com/strawberry-banana-frost-mr-freeze
Peach Frost - Mr Freeze - 100mL,https://www.elementvape.com/peach-frost-mr-freeze
Mango Frost - Mr Freeze - 100mL,https://www.elementvape.com/mango-frost-mr-freeze
Lush Frost - Mr Freeze - 100mL,https://www.elementvape.com/lush-frost-mr-freeze
Grape Green Apple Frost - Mr Freeze - 100mL,https://www.elementvape.com/grape-green-apple-frost-mr-freeze
Grape Frost - Mr Freeze - 100mL,https://www.elementvape.com/grape-frost-mr-freeze
Berry Frost - Mr Freeze - 100mL,https://www.elementvape.com/berry-frost-mr-freeze
Cherry Frost - Mr Freeze - 100mL,https://www.elementvape.com/cherry-frost-mr-freeze
Blue Razz Strawberry Frost - Mr Freeze - 100mL,https://www.elementvape.com/blue-razz-strawberry-frost-mr-freeze
Banana Frost - Mr Freeze - 100mL,https://www.elementvape.com/banana-frost-mr-freeze
Apple Frost - Mr Freeze - 100mL,https://www.elementvape.com/apple-frost-mr-freeze
Lemon Squeeze - Beach Club Salts - 30mL,https://www.elementvape.com/lemon-squeeze-beach-club-salts
Strawberry Nectar - Beach Club Salts - 30mL,https://www.elementvape.com/strawberry-nectar-beach-club-salts
Orange Dream - Beach Club Salts - 30mL,https://www.elementvape.com/orange-dream-beach-club-salts
Kiwi Guava - Beach Club Salts - 30mL,https://www.elementvape.com/kiwi-guava-beach-club-salts
Watermelon Wave - Beach Club Salts - 30mL,https://www.elementvape.com/watermelon-wave-beach-club-salts
Lemon Squeeze - Beach Club - 100mL,https://www.elementvape.com/lemon-squeeze-beach-club
Kiwi Guava - Beach Club - 100mL,https://www.elementvape.com/kiwi-guava-beach-club
Strawberry Nectar - Beach Club - 100mL,https://www.elementvape.com/strawberry-nectar-beach-club
Orange Dream - Beach Club - 100mL,https://www.elementvape.com/orange-dream-beach-club
Watermelon Wave - Beach Club - 100mL,https://www.elementvape.com/watermelon-wave-beach-club
Iced Banana Blast - VGOD SaltNic - 30mL,https://www.elementvape.com/iced-banana-bomb-vgod-saltnic
ICED Clementine Citrus Mango  - Fruision Salts - 30mL,https://www.elementvape.com/iced-clementine-citrus-mango-fruision-salts
ICED Sweet Apple Sugar Baby - Fruision Salts - 30mL,https://www.elementvape.com/iced-sweet-apple-sugar-baby-fruision-salts
Clementine Citrus Mango - Fruision Salts - 30mL,https://www.elementvape.com/clementine-citrus-mango-fruision-salts
ICED Southern Peach Double Delight - Fruision Salts - 30mL,https://www.elementvape.com/iced-southern-peach-double-delight-fruision-salts
MYSTERY E-LIQUID 100/200mL Pack,https://www.elementvape.com/e-liquid-mystery-bag-200ml-edition
Mystery Nicotine Salts Pack - 60/120mL,https://www.elementvape.com/mystery-nicotine-salts-pack
Southern Peach Double Delight - Fruision Salts - 30mL,https://www.elementvape.com/southern-peach-double-delight-fruision-salts
Sweet Apple Sugar Baby - Fruision Salts - 30mL,https://www.elementvape.com/sweet-apple-sugar-baby-fruision-salts
ICED Clementine Citrus Mango - Fruision Juice Co - 100mL,https://www.elementvape.com/iced-clementine-citrus-mango-fruision-juice-co-100ml
ICED Southern Peach Double Delight - Fruision Juice Co - 100mL,https://www.elementvape.com/iced-southern-peach-double-delight-fruision-juice-co-100ml
ICED Sweet Apple Sugar Baby - Fruision Juice Co - 100mL,https://www.elementvape.com/iced-sweet-apple-sugar-baby-fruision-juice-co-100ml
Clementine Citrus Mango - Fruision Juice Co - 100mL,https://www.elementvape.com/clementine-citrus-mango-fruision-juice-co-100ml
ICED Mango Lemonade - Hi-Drip Salts - 30mL,https://www.elementvape.com/iced-mango-lemonade-hi-drip-salts
Mango Lemonade - Hi-Drip Salts - 30mL,https://www.elementvape.com/mango-lemonade-hi-drip-salts
ICED Paradise Punch - Hi-Drip Salts - 30mL,https://www.elementvape.com/iced-paradise-punch-hi-drip-salts
Paradise Punch - Hi-Drip Salts - 30mL,https://www.elementvape.com/paradise-punch-hi-drip-salts
Caramel Pear - Hi-Drip Salts - 30mL,https://www.elementvape.com/caramel-pear-hi-drip-salts
Watermelon Gum - Goat Salts - 30mL,https://www.elementvape.com/watermelon-gum-goat-salts
Strawberry Kiwi - Goat Salts - 30mL,https://www.elementvape.com/strawberry-kiwi-goat-salts
Lush - Goat Salts - 30mL,https://www.elementvape.com/lush-goat-salts
Berry - Goat Salts - 30mL,https://www.elementvape.com/berry-goat-salts
Apple - Goat Salts - 30mL,https://www.elementvape.com/apple-goat-salts
Watermelon Gum - Goat E-Liquid - 100mL,https://www.elementvape.com/watermelon-gum-goat
Strawberry Kiwi - Goat E-Liquid - 100mL,https://www.elementvape.com/strawberry-kiwi-goat
Lush - Goat E-Liquid - 100mL,https://www.elementvape.com/lush-goat
Berry - Goat E-Liquid - 100mL,https://www.elementvape.com/berry-goat
Apple - Goat E-Liquid - 100mL,https://www.elementvape.com/apple-goat
Black Cherry - Fruit Monster Salts - 30mL,https://www.elementvape.com/black-cherry-fruit-monster-salts
ICED Strawberry Melonade - ORGNX Salts - 30mL,https://www.elementvape.com/iced-strawberry-melonade-orgnx-salts
ICED Strawberry Melonade - ORGNX E-Liquid - 60mL,https://www.elementvape.com/iced-strawberry-melonade-orgnx
Strawberry Melonade - ORGNX E-Liquid - 60mL,https://www.elementvape.com/strawberry-melonade-orgnx
Guava Peach - Juice Monster Salts - 30mL,https://www.elementvape.com/guava-peach-jam-monster-salts
Strawberry Kiwi - Juice Monster Salts - 30mL,https://www.elementvape.com/strawberry-kiwi-jam-monster-salts
Peach Pear - Juice Monster Salts - 30mL,https://www.elementvape.com/peach-pear-jam-monster-salts
Guava Peach - Juice Monster - 100mL,https://www.elementvape.com/guava-peach-jam-monster
Strawberry Kiwi - Juice Monster - 100mL,https://www.elementvape.com/strawberry-kiwi-jam-monster
Peach Pear - Juice Monster - 100mL,https://www.elementvape.com/peach-pear-jam-monster
ICED Gold Kiwi - Reds Apple E-Juice - 7 Daze Salt - 30mL,https://www.elementvape.com/iced-gold-kiwi-reds-salt
ICED Gold Kiwi - Reds Apple E-Juice - 7 Daze - 100mL,https://www.elementvape.com/iced-gold-kiwi-reds
Gold Kiwi - Reds Apple E-Juice - 7 Daze Salt - 30mL,https://www.elementvape.com/gold-kiwi-reds-salt
Gold Kiwi - Reds Apple E-Juice - 7 Daze - 100mL,https://www.elementvape.com/gold-kiwi-reds
ICE Mixed Berries - SKWEZED Salts - 30mL,https://www.elementvape.com/ice-mixed-berries-skwezed-salts
Mixed Berries - SKWEZED Salts - 30mL,https://www.elementvape.com/mixed-berries-skwezed-salts
ICE Pink Lemonade - SKWEZED Salts - 30mL,https://www.elementvape.com/ice-pink-lemonade-skwezed-salts
Pink Lemonade - SKWEZED Salts - 30mL,https://www.elementvape.com/pink-lemonade-skwezed-salts
ICE Mixed Berries  - SKWEZED - 100mL,https://www.elementvape.com/ice-mixed-berries-skwezed
Mixed Berries - SKWEZED - 100mL,https://www.elementvape.com/mixed-berries-skwezed
ICE Pink Lemonade - SKWEZED - 100mL,https://www.elementvape.com/ice-pink-lemonade-skwezed
Pink Lemonade - SKWEZED - 100mL,https://www.elementvape.com/pink-lemonade-skwezed
Toto - Silverback Juice Co. Salts - 30mL,https://www.elementvape.com/toto-silverback-salts
Toto - Silverback Juice Co. - 120mL,https://www.elementvape.com/toto-silverback
Sandy - Silverback Juice Co. Salts - 30mL,https://www.elementvape.com/sandy-silverback-salts
Sandy - Silverback Juice Co. - 120mL,https://www.elementvape.com/sandy-silverback
Rocky - Silverback Juice Co. Salts - 30mL,https://www.elementvape.com/rocky-silverback-salts
Rocky - Silverback Juice Co. - 120mL,https://www.elementvape.com/rocky-silverback
Paco - Silverback Platinum Series Salts - 30mL,https://www.elementvape.com/paco-silverback-salts
Paco - Silverback Platinum Series - 120mL,https://www.elementvape.com/paco-silverback-platinum
Lola - Silverback Juice Co. Salts - 30mL,https://www.elementvape.com/lola-silverback-salts
Lola - Silverback Juice Co. - 120mL,https://www.elementvape.com/lola-silverback
Jenny - Silverback Juice Co. Salts - 30mL,https://www.elementvape.com/jenny-silverback-salts
Jenny - Silverback Juice Co. - 120mL,https://www.elementvape.com/jenny-silverback
Jack - Silverback Platinum Series Salts - 30mL,https://www.elementvape.com/jack-silverback-salts
Jack - Silverback Platinum Series - 120mL,https://www.elementvape.com/jack-silverback
Cody - Silverback Platinum Series Salts - 30mL,https://www.elementvape.com/cody-silverback-salts
Cody - Silverback Platinum Series - 120mL,https://www.elementvape.com/cody-silverback
Booboo - Silverback Juice Co. Salts - 30mL,https://www.elementvape.com/booboo-silverback-salts
Booboo - Silverback Juice Co. - 120mL,https://www.elementvape.com/booboo-silverback
Blue - Silverback Juice Co. Salts - 30mL,https://www.elementvape.com/blue-silverback-salts
Blue - Silverback Juice Co. - 120mL,https://www.elementvape.com/blue-silverback
ICE Watermelon Strawberry - Pop Salts - 30mL,https://www.elementvape.com/ice-watermelon-strawberry-pop-salts
ICE Watermelon Apple - Pop Salts - 30mL,https://www.elementvape.com/ice-watermelon-apple-pop-salts
Watermelon Apple - Pop Salts - 30mL,https://www.elementvape.com/watermelon-apple-pop-salts
ICE Pom Berry - Pop Salts - 30mL,https://www.elementvape.com/ice-pom-berry-pop-salts
Pom Berry - Pop Salts - 30mL,https://www.elementvape.com/pom-berry-pop-salts
ICE Melon Mango - Pop Salts - 30mL,https://www.elementvape.com/ice-melon-mango-pop-salts
Melon Mango - Pop Salts - 30mL,https://www.elementvape.com/melon-mango-pop-salts
ICE Mango - Pop Salts - 30mL,https://www.elementvape.com/ice-mango-pop-salts
Mango - Pop Salts - 30mL,https://www.elementvape.com/mango-pop-salts
ICE Grape Berry - Pop Salts - 30mL,https://www.elementvape.com/ice-grape-berry-pop-salts
ICE Berry Mango - Pop Salts - 30mL,https://www.elementvape.com/ice-berry-mango-pop-salts
Berry Mango - Pop Salts - 30mL,https://www.elementvape.com/berry-mango-pop-salts
Mint - Lemonade Monster Salts - 30mL,https://www.elementvape.com/mint-lemonade-jam-monster-salts
Mint - Lemonade Monster - 100mL,https://www.elementvape.com/mint-lemonade-jam-monster
Mango - Lemonade Monster Salts - 30mL,https://www.elementvape.com/mango-lemonade-jam-monster-salts
Mango - Lemonade Monster - 100mL,https://www.elementvape.com/mango-lemonade-jam-monster
Watermelon Ice - Pod Juice PJ5000 - 30mL,https://www.elementvape.com/watermelon-ice-pj5000
Watermelon Bubblegum - Pod Juice PJ5000 - 30mL,https://www.elementvape.com/watermelon-bubblegum-pj5000
Triple Berry Ice - Pod Juice PJ5000 - 30mL,https://www.elementvape.com/triple-berry-ice-pj5000
Strawberry Banana - Pod Juice PJ5000 - 30mL,https://www.elementvape.com/strawberry-banana-pj5000
Starzz - Pod Juice PJ5000 - 30mL,https://www.elementvape.com/strazz-pj5000
Sakura Grape - Pod Juice PJ5000 - 30mL,https://www.elementvape.com/sakura-grape-pj5000
Peach Berry - Pod Juice PJ5000 - 30mL,https://www.elementvape.com/peach-berry-pj5000
Kiwi Dragon Berry - Pod Juice PJ5000 - 30mL,https://www.elementvape.com/kiwi-dragon-berry-pj5000
Jewel Malibu Mint - Pod Juice PJ5000 - 30mL,https://www.elementvape.com/jewel-malibu-mint-pj5000
Cush Man - Mango Banana - Nasty Salt - 30mL,https://www.elementvape.com/cush-man-mango-banana-nasty-salt
Cush Man - Mango Grape - Nasty Salt - 30mL,https://www.elementvape.com/cush-man-mango-grape-nasty-salt
Cush Man - MANGO STRAWBERRY - Nasty Juice E-Liquid - 60mL,https://www.elementvape.com/cush-man-mango-strawberry-nasty-juice
Cush Man - Mango Strawberry - Nasty Salt - 30mL,https://www.elementvape.com/cush-man-mango-strawberry-nasty-juice-salt
Coconut Cake - Sadboy Salts - 30mL,https://www.elementvape.com/coconut-cake-sadboy-salts
Coconut Cake - Sadboy - 100mL,https://www.elementvape.com/coconut-cake-sadboy
Strawnana Ice - BSX Salt Series - 30mL,https://www.elementvape.com/strawnana-ice-basix-salts
Peach Ice - BSX Salt Series - 30mL,https://www.elementvape.com/peach-ice-basix-salts
Aloe Mango Ice - BSX Salt Series - 30mL,https://www.elementvape.com/aloe-mango-ice-basix-salts
Strawberry Kiwi ICE - Mad Hatter - 60mL,https://www.elementvape.com/strawberry-kiwi-ice-mad-hatter
Strawberry Kiwi - Mad Hatter - 60mL,https://www.elementvape.com/strawberry-kiwi-mad-hatter
Blood Orange Mango Ice - Mad Hatter - 60mL,https://www.elementvape.com/blood-orange-mango-ice-mad-hatter
Blood Orange Mango - Mad Hatter - 60mL,https://www.elementvape.com/blood-orange-mango-mad-hatter
Berry Melon - Mad Hatter - 60mL,https://www.elementvape.com/berry-melon-mad-hatter
Apple Watermelon Ice - Mad Hatter - 60mL,https://www.elementvape.com/apple-watermelon-ice-mad-hatter
Apple Watermelon - Mad Hatter - 60mL,https://www.elementvape.com/apple-watermelon-mad-hatter
Apple Peach Strawberry ICE - Mad Hatter - 60mL,https://www.elementvape.com/apple-peach-strawberry-ice-mad-hatter
Apple Peach Strawberry - Mad Hatter - 60mL,https://www.elementvape.com/apple-peach-strawberry-mad-hatter
Jewel Mint - Pod Juice - 30mL,//www.elementvape.com/cool-mint-pod-juice
Jewel Tobacco - Pod Juice - 30mL,//www.elementvape.com/jewel-tobacco-pod-juice
Yellow Peach - Twist E-Liquid - 120mL,//www.elementvape.com/peach-blossom-lemonade-by-lemon-twist-120ml
Butterscotch - Custard Monster Salts - 30mL,//www.elementvape.com/butterscotch-custard-monster-salt
Butterscotch - Custard Monster - 100mL,//www.elementvape.com/butterscotch-custard-monster
Unicorn Milk - Cuttwood - 120mL,//www.elementvape.com/unicorn-milk-cuttwood
Strawberry Cream - Juice Head - 100mL,//www.elementvape.com/strawberry-cream-juice-head
Mighty Mint - VGOD SaltNic - 30mL,//www.elementvape.com/mighty-mint-vgod-saltnic-30ml
Spearmint - I Love Salts - 30mL,//www.elementvape.com/spearmint-gum-i-love-salts
