Jelly Bear - Pod Monster Salts - 60mL,https://www.elementvape.com/jelly-bear-pod-monster-salts
White Gummy Ice - Pod Juice Salts x RAZ E-Liquid - 30mL,https://www.elementvape.com/white-gummy-ice-pod-juice-raz-salts
Straw Watermelon Bubblegum Ice - Pod Juice Salts x RAZ E-Liquid - 30mL,https://www.elementvape.com/straw-watermelon-bubblegum-ice-pod-juice-raz-salts
Strawberry Glazed Donut - Pod Juice Salts x RAZ E-Liquid - 30mL,https://www.elementvape.com/strawberry-glazed-donut-pod-juice-raz-salts
White Gummy Ice - Pod Juice x RAZ E-Liquid - 100mL,https://www.elementvape.com/white-gummy-ice-pod-juice-raz
Strawberry Lolly - Pod Juice x RAZ E-Liquid - 100mL,https://www.elementvape.com/strawberry-lolly-pod-juice-raz
Pink Burst Chew - Pod Juice x RAZ E-Liquid - 100mL,https://www.elementvape.com/pink-burst-chew-pod-juice-raz
Sour Apple Bubblegum - BLVK Bubba Salts - 30mL,https://www.elementvape.com/sour-apple-bubblegum-blvk-bubba-salts
Melon Bubblegum - BLVK Bubba Salts - 30mL,https://www.elementvape.com/melon-bubblegum-blvk-bubba-salts
Grape Bubblegum - BLVK Bubba Salts - 30mL,https://www.elementvape.com/grape-bubblegum-blvk-salts
Original Bubblegum - BLVK Bubba Salts - 30mL,https://www.elementvape.com/original-bubblegum-blvk-salts
Mystery Air Balloons - Candy King Salts - 30mL,https://www.elementvape.com/mystery-air-balloons-candy-king-salts
Strawberry Pop Drops - Candy King Salts - 30mL,https://www.elementvape.com/strawberry-pop-drops-candy-king-salts
Cotton Candy - Candy King Salts - 30mL,https://www.elementvape.com/cotton-candy-candy-king-salts
Gummy Bears - Candy King - 100mL,https://www.elementvape.com/gummy-bears-candy-king
Mystery Air Balloons - Candy King - 100mL,https://www.elementvape.com/mystery-air-balloons-candy-king
Strawberry Pop Drops - Candy King - 100mL,https://www.elementvape.com/strawberry-pop-drops-candy-king
Cotton Candy - Candy King - 100mL,https://www.elementvape.com/cotton-candy-candy-king
Pixie Dip - Noms 100 by Nomenon - 100mL,https://www.elementvape.com/pixie-dip-nomenon
Black Cherry Blow Pop - BSX Salt Series - 30mL,https://www.elementvape.com/black-cherry-blow-pop-bsx-salts
FREEZE Sour Fruity Worms - Pod Juice - 100mL,https://www.elementvape.com/freeze-sour-fruity-worms-pod-juice
White Gummy - Bar Juice - 100mL,https://www.elementvape.com/white-gummy-bar-juice
Pink Burst - Fruitia Salts - 30mL,https://www.elementvape.com/pink-burst-fruitia-salts
Pink Burst - Fruitia - 60mL,https://www.elementvape.com/pink-burst-fruitia
Sour Fruity Worms - Pod Juice - 30mL,https://www.elementvape.com/sour-gummy-worms-pod-juice-salts
Moonrocks - Strawberry Frost - Mr Freeze - 100mL,https://www.elementvape.com/moonrocks-strawberry-frost-mr-freeze
Frozen Hulk Tears Straw Melon Chew - Hulk Tears Salts - 30mL,https://www.elementvape.com/frozen-hulk-tears-straw-melon-chew-mighty-salts
Hulk Tears Straw Melon Chew - Hulk Tears Salts - 30mL,https://www.elementvape.com/hulk-tears-straw-melon-chew-mighty-salts
Frozen Hulk Tears Straw Melon Chew - Hulk Tears - 100mL,https://www.elementvape.com/frozen-hulk-tears-straw-melon-chew-mighty-vapors
Hulk Tears Straw Melon Chew - Hulk Tears - 100mL,https://www.elementvape.com/hulk-tears-straw-melon-chew-mighty-vapors
Frozen Blue Razz Straw Melon Chew - Hulk Tears Salts - 30mL,https://www.elementvape.com/frozen-blue-razz-strawmelon-chew-hulk-tears-salts
Blue Razz Straw Melon Chew - Hulk Tears Salts - 30mL,https://www.elementvape.com/blue-razz-strawmelon-chew-hulk-tears-salts
Frozen Blue Razz Straw Melon Chew - Hulk Tears - 100mL,https://www.elementvape.com/frozen-blue-razz-strawmelon-hulk-tears
Blue Razz Straw Melon Chew - Hulk Tears - 100mL,https://www.elementvape.com/blue-razz-strawmelon-chew-hulk-tears
Frozen White Gummy Straw Melon Chew - Hulk Tears Salts - 30mL,https://www.elementvape.com/frozen-white-gummy-hulk-tears-mighty-salts
Frozen Watermelon Straw Melon Chew - Hulk Tears Salts - 30mL,https://www.elementvape.com/frozen-watermelon-hulk-tears-mighty-salts
Frozen Sour Belts Straw Melon Chew - Hulk Tears Salts - 30mL,https://www.elementvape.com/frozen-sour-belts-hulk-tears-mighty-salts
Frozen Mango Straw Melon Chew - Hulk Tears Salts - 30mL,https://www.elementvape.com/frozen-mango-hulk-tears-mighty-salts
Frozen Green Apple Straw Melon Chew - Hulk Tears Salts - 30mL,https://www.elementvape.com/frozen-green-apple-hulk-tears-mighty-salts
White Gummy Straw Melon Chew - Hulk Tears Salts - 30mL,https://www.elementvape.com/white-gummy-hulk-tears-mighty-salts
Watermelon Straw Melon Chew - Hulk Tears Salts - 30mL,https://www.elementvape.com/watermelon-hulk-tears-mighty-salts
Sour Belts Straw Melon Chew - Hulk Tears Salts - 30mL,https://www.elementvape.com/sour-belts-hulk-tears-mighty-salts
Mango Straw Melon Chew - Hulk Tears Salts - 30mL,https://www.elementvape.com/mango-hulk-tears-mighty-salts
Green Apple Straw Melon Chew - Hulk Tears Salts - 30mL,https://www.elementvape.com/green-apple-hulk-tears-mighty-salts
Frozen White Gummy Straw Melon Chew - Hulk Tears - 100mL,https://www.elementvape.com/frozen-white-gummy-mighty-vapors
Frozen Watermelon Straw Melon Chew - Hulk Tears - 100mL,https://www.elementvape.com/frozen-watermelon-hulk-tears-mighty-vapors
Frozen Sour Belts Straw Melon Chew - Hulk Tears - 100mL,https://www.elementvape.com/frozen-sour-belts-hulk-tears-mighty-vapors
Frozen Mango Straw Melon Chew - Hulk Tears - 100mL,https://www.elementvape.com/frozen-mango-hulk-tears-mighty-vapors
Frozen Green Apple Straw Melon Chew - Hulk Tears - 100mL,https://www.elementvape.com/frozen-green-apple-hulk-tears-mighty-vapors
White Gummy Straw Melon Chew - Hulk Tears - 100mL,https://www.elementvape.com/white-gummy-hulk-tears-mighty-vapors
Watermelon Straw Melon Chew - Hulk Tears - 100mL,https://www.elementvape.com/watermelon-hulk-tears-mighty-vapors
Sour Belts Straw Melon Chew - Hulk Tears - 100mL,https://www.elementvape.com/sour-belts-hulk-tears-mighty-vapors
Mango Straw Melon Chew - Hulk Tears - 100mL,https://www.elementvape.com/mango-hulk-tears-mighty-vapors
Green Apple Straw Melon Chew - Hulk Tears - 100mL,https://www.elementvape.com/green-apple-hulk-tears-mighty-vapors
Moonrocks - Watermelon Frost - Mr Freeze Salts - 30mL,https://www.elementvape.com/moonrocks-watermelon-frost-mr-freeze-salts
Moonrocks - Strawberry Frost - Mr Freeze Salts - 30mL,https://www.elementvape.com/moonrocks-strawberry-frost-mr-freeze-salts
Moonrocks Frost - Mr Freeze Salts - 30mL,https://www.elementvape.com/moonrocks-frost-mr-freeze-salts
Moonrocks - Mr Freeze Salts - 30mL,https://www.elementvape.com/moonrocks-mr-freeze-salts
Moonrocks - Blue Razz - Mr Freeze Salts - 30mL,https://www.elementvape.com/moonrocks-blue-razz-mr-freeze-salts
Moonrocks - Blue Razz Frost - Mr Freeze Salts - 30mL,https://www.elementvape.com/moonrocks-blue-razz-frost-mr-freeze-salts
Moonrocks Frost - Mr Freeze - 100mL,https://www.elementvape.com/moonrocks-frost-mr-freeze
Moonrocks - Mr Freeze - 100mL,https://www.elementvape.com/moonrocks-mr-freeze
Moonrocks - Blue Razz - Mr Freeze - 100mL,https://www.elementvape.com/moonrocks-blue-razz-mr-freeze
Moonrocks - Blue Razz Frost - Mr Freeze - 100mL,https://www.elementvape.com/moonrocks-blue-razz-frost-mr-freeze
MYSTERY E-LIQUID 100/200mL Pack,https://www.elementvape.com/e-liquid-mystery-bag-200ml-edition
Mystery Nicotine Salts Pack - 60/120mL,https://www.elementvape.com/mystery-nicotine-salts-pack
Sandy - Silverback Juice Co. Salts - 30mL,https://www.elementvape.com/sandy-silverback-salts
Watermelon Bubblegum - Pod Juice PJ5000 - 30mL,https://www.elementvape.com/watermelon-bubblegum-pj5000
Pink Lemonade Strips - Candy King Salts - 30mL,https://www.elementvape.com/pink-lemonade-strips-candy-king-30ml
Gobbies - Candy King Salts - 30mL,https://www.elementvape.com/gobbies-candy-king-30ml
Pink Lemonade Strips - Candy King - 100mL,https://www.elementvape.com/pink-lemonade-strips-candy-king-100ml
Gobbies - Candy King - 100mL,https://www.elementvape.com/gobbies-candy-king-100ml
Rainbow Candy - Bar Juice - 100mL,https://www.elementvape.com/rainbow-candy-bar-juice-100ml
Rainbow Candy - Bar Juice - 30mL,https://www.elementvape.com/rainbow-candy-bar-juice-30ml
Sour Fruity Worms - Pod Juice - 100mL,https://www.elementvape.com/sour-gummy-worms-pod-juice
FREEZE Fruity Bears - Pod Juice - 100mL,https://www.elementvape.com/fruity-bears-freeze-pod-juice
Fruity Bears - Pod Juice - 100mL,https://www.elementvape.com/fruity-bears-pod-juice
FREEZE Fruity Bears - Pod Juice - 30mL,https://www.elementvape.com/fruity-bear-freeze-pod-juice-salts
Iced Watermelon Gummy - Vapetasia Salts - 30mL,https://www.elementvape.com/iced-watermelon-gummy-vapetasia-salts
Watermelon Gummy - Vapetasia Salts - 30mL,https://www.elementvape.com/watermelon-gummy-vapetasia-salts
Iced Watermelon Gummy - Vapetasia - 100mL,https://www.elementvape.com/iced-watermelon-gummy-vapetasia
Watermelon Gummy - Vapetasia - 100mL,https://www.elementvape.com/watermelon-gummy-vapetasia
Blue Raspberry Cotton Candy - JUS E-Liquid - 60mL,https://www.elementvape.com/blue-raspberry-cotton-candy-jus
Rainbow Ice - JUS Salts - 30mL,https://www.elementvape.com/rainbow-ice-jus-salts
Blue Raspberry Cotton Candy - JUS Salts - 30mL,https://www.elementvape.com/blue-raspberry-cotton-clouds-jus-salts
Mango Drank - Ruthless Salts - 30mL,https://www.elementvape.com/ruthless-mango-drank-salts
Cherry Drank - Ruthless Salts - 30mL,https://www.elementvape.com/ruthless-cherry-drank-salts
Cherry Drank - Ruthless - 100mL,https://www.elementvape.com/ruthless-cherry-drank
Berry Drank - Ruthless Salts - 30mL,https://www.elementvape.com/ruthless-berry-drank-salts
Berry Drank - Ruthless - 100mL,https://www.elementvape.com/ruthless-berry-drank
FREEZE Rainbow - Pod Juice - 30mL,https://www.elementvape.com/rainbow-freeze-pod-juice-salts
FREEZE Rainbow - Pod Juice - 100mL,https://www.elementvape.com/rainbow-freeze-pod-juice
ICE Strawberry Rolls - Candy King On Ice - 100mL,https://www.elementvape.com/iced-strawberry-rolls-candy-king
Lychee Luau - Tropic King On Salt - 30mL,https://www.elementvape.com/lychee-luau-tropic-king-salts
Batch - Candy King On Salt - 30mL,https://www.elementvape.com/batch-candy-king-salts
Worms - Candy King On Salt - 30mL,https://www.elementvape.com/worms-candy-king-salt
ICED Hard Apple - Candy King On Salt - 30mL,https://www.elementvape.com/iced-hard-apple-candy-king-salt
ICED Strawberry Rolls - Candy King On Salt - 30mL,https://www.elementvape.com/iced-strawberry-rolls-candy-king-salts
ICED Berry Dweebz - Candy King On Salt - 30mL,https://www.elementvape.com/iced-dweebz-candy-king-salts
ICED Worms - Candy King On Salt - 30mL,https://www.elementvape.com/iced-worms-candy-king-salts
ICED Swedish - Candy King On Salt - 30mL,https://www.elementvape.com/iced-swedish-candy-king-salts
ICED Strawberry Watermelon Bubblegum - Candy King On Salt - 30mL,https://www.elementvape.com/iced-strawberry-watermelon-bubblegum-candy-king-salts
ICED Pink Squares - Candy King On Salt - 30mL,https://www.elementvape.com/iced-pink-squares-candy-king-salt
ICED Peachy Rings - Candy King On Salt - 30mL,https://www.elementvape.com/iced-peachy-rings-candy-king-salts
ICED Lemon Drops - Candy King On Salt - 30mL,https://www.elementvape.com/iced-lemon-drops-candy-king-salts
ICED Belts Strawberry - Candy King On Salt - 30mL,https://www.elementvape.com/iced-belts-candy-king-salts
ICED Batch - Candy King On Salt - 30mL,https://www.elementvape.com/iced-batch-candy-king-salts
Gush - Candy King - 100mL,https://www.elementvape.com/gush-candy-king
Sour Straws - Candy King - 100mL,https://www.elementvape.com/sour-straws-candy-king
Jaws - Candy King On Salt - 30mL,https://www.elementvape.com/jaws-candy-king-salts
Jaws - Candy King - 100mL,https://www.elementvape.com/jaws-candy-king
Frozty Yummi B - LICKS Roll Upz - 100mL,https://www.elementvape.com/yummi-b-frozty-licks
ICED White Gummy - Vapetasia Salts - 30mL,https://www.elementvape.com/iced-white-gummy-vapetasia-salts
ICED Rain Bops - Vapetasia Salts - 30mL,https://www.elementvape.com/iced-rain-bops-vapetasia-salts
White Gummy - Vapetasia Salts - 30mL,https://www.elementvape.com/white-gummy-vapetasia-salts
Rain Bops - Vapetasia Salts - 30mL,https://www.elementvape.com/rain-bops-vapetasia-salts
ICED White Gummy - Vapetasia - 100mL,https://www.elementvape.com/iced-white-gummy-vapetasia
White Gummy - Vapetasia - 100mL,https://www.elementvape.com/white-gummy-vapetasia
Rain Bops - Vapetasia - 100mL,https://www.elementvape.com/rain-bops-vapetasia
BST - Elysian Salts - 60mL,https://www.elementvape.com/bst-elysian-salts
Pink Berry ICE - Juice Roll-Upz - 100mL,https://www.elementvape.com/pink-berry-ice-juice-roll-upz
Watermelon Punch - Juice Roll-Upz - 100mL,https://www.elementvape.com/watermelon-punch-by-juice-roll-upz-e-liquids
Grape Drank On Ice - Ruthless SALT - 30mL,https://www.elementvape.com/grape-drank-on-ice-ruthless-salts
EZ Duz It On Ice - Ruthless SALT - 30mL,https://www.elementvape.com/ez-duz-it-on-ice-ruthless-salts
Grape Drank On Ice - Ruthless Vapor - 100mL,https://www.elementvape.com/grape-drank-on-ice-ruthless
Bubblegum Salt - Vape Dinner Lady - 30mL,https://www.elementvape.com/bubblegum-salt-vape-dinner-lady
Watanomenon - Nomenon - 120mL,https://www.elementvape.com/watanomenon-nomenon
Stranomenon - Nomenon - 120mL,https://www.elementvape.com/stranonemon-nomenon
Phenomenon - Nomenon - 120mL,https://www.elementvape.com/phenomenon-nomenon
Lemonomenon - Nomenon - 120mL,https://www.elementvape.com/lemonomenon-nomenon
Grapenomenon - Nomenon - 120mL,https://www.elementvape.com/stranomenon-nomenon
Blunomenon - Nomenon - 120mL,https://www.elementvape.com/blunomenon-nomenon
OFT - BSX Series - 60mL,https://www.elementvape.com/oft-basix-glas-vapor
White No. 1 - Twist SALT E-Liquid - 60mL,https://www.elementvape.com/white-no-1-twist-salts
WTF - OMG E-Liquid - 100mL,https://www.elementvape.com/wtf-by-omg-e-liquid-120ml
Cotton Clouds MENTHOL - The Finest Candy Edition Salt Nic - 30mL,https://www.elementvape.com/cotton-clouds-menthol-finest-salts
ICE Blue Cotton Candy SALT - Carnival - Juice Roll Upz - 30mL,https://www.elementvape.com/ice-cotton-candy-salts-carnival-juice-roll-upz
ICE Blue Cotton Candy - Carnival - Juice Roll Upz - 100mL,https://www.elementvape.com/ice-cotton-candy-carnival-juice-roll-upz
White No. 1 - Twist E-Liquid - 120mL,https://www.elementvape.com/white-no-1-twist
Space No. 1 - Twist E-Liquid - 120mL,https://www.elementvape.com/space-no-1-twist
Cotton Carnival - Pod Juice - 100mL,https://www.elementvape.com/cotton-carnival-pod-juice
Grape Bubblegum Collection - Candy King on Salt - 30mL,https://www.elementvape.com/grape-bubblegum-candy-king-on-salt-30ml
Tropic Bubblegum Collection - Candy King On Salt - 30mL,https://www.elementvape.com/tropic-bubblegum-candy-king-on-salt-30ml
Strawberry Watermelon Bubblegum Collection - Candy King On Salt - 30mL,https://www.elementvape.com/strawberry-watermelon-bubblegum-candy-king-on-salt
Pink Lemonade Bubblegum Collection - Candy King On Salt - 30mL,https://www.elementvape.com/pink-lemonade-bubblegum-candy-king-on-salt-30ml
Melon Bubblegum Collection - Candy King On Salt - 30mL,https://www.elementvape.com/melon-bubblegum-candy-king-on-salt-30ml
Blue Razz Bubblegum Collection - Candy King On Salt - 30mL,https://www.elementvape.com/blue-razz-bubblegum-candy-king-on-salt-30ml
Strawberry Watermelon Bubblegum Collection - Candy King - 120mL,https://www.elementvape.com/strawberry-watermelon-bubblegum-candy-king-e-liquid-120ml
Pink Lemonade Bubblegum Collection - Candy King - 120mL,https://www.elementvape.com/pink-lemonade-bubblegum-candy-king-e-liquid-120ml
Melon Bubblegum Collection - Candy King - 120mL,https://www.elementvape.com/melon-bubblegum-candy-king-e-liquid-120ml
Grape Bubblegum Collection - Candy King - 120mL,https://www.elementvape.com/grape-bubblegum-candy-king-e-liquid-120ml
Blue Razz Bubblegum Collection - Candy King - 120mL,https://www.elementvape.com/blue-razz-bubblegum-candy-king-e-liquid-120ml
FREEZE Grape Chew - Pod Juice - 30mL,https://www.elementvape.com/grape-chew-ice-salts-pod-juice
Subliminal - Propaganda E-Liquid - 100mL,https://www.elementvape.com/subliminal-propaganda
COTN Clouds SALTS - Innevape E-Liquids - 30mL,https://www.elementvape.com/carousel-salt-innevape
COTN Clouds - Innevape E-Liquids - 100mL,https://www.elementvape.com/carousel-innevape
Sea King - Bora Series - Shijin Vapor - 100mL,https://www.elementvape.com/sea-king-shijin-vapor
Watermelon Rings - Gummy Series - Shijin Vapor - 100mL,https://www.elementvape.com/watermelon-rings-shijin-vapor
Peach Rings - Gummy Series -  Shijin Vapor - 100mL,https://www.elementvape.com/peach-rings-shijin-vapor
Apple Rings - Gummy Series - Shijin Vapor - 100mL,https://www.elementvape.com/apple-rings-shijin-vapor
Strawberry Chew - The Finest Candy Edition Salt Nic - 30mL,https://www.elementvape.com/strawberry-chew-finest-saltnic
Cotton Clouds - The Finest Candy Edition Salt Nic - 30mL,https://www.elementvape.com/cotton-clouds-finest-saltnic
Cotton Clouds - The Finest Candy Edition - 120mL,https://www.elementvape.com/cotton-clouds-finest
Magic Man - One Hit Wonder SALTS - 30mL,https://www.elementvape.com/magic-man-one-hit-wonder-salts
Candy Roll-Ups - Salt Bae 50 - 30mL,https://www.elementvape.com/juicy-roll-ups-saltbae50
ICED Out - Pennywise - Bad SALT - 30mL,https://www.elementvape.com/iced-out-pennywise-bad-salt-30ml
Berry Blow Doe - Humble Juice Co. - 120mL,https://www.elementvape.com/berry-blow-doe-humble-juice-co-120ml
Pennywise - Bad SALT - 30mL,https://www.elementvape.com/pennywise-bad-salt
Drooly - Bad Drip Labs - 60mL,https://www.elementvape.com/drooly-bad-drip-labs-60ml
Drooly - Bad SALT - 30mL,https://www.elementvape.com/drooly-bad-salt
Sweet Tooth - Bad Drip Labs - 60mL,https://www.elementvape.com/sweet-tooth-bad-drip-labs-60ml
Sweet Tooth - Bad SALT - 30mL,https://www.elementvape.com/sweet-tooth-bad-salt
Pennywise - Bad Drip Labs - 60mL,https://www.elementvape.com/pennywise-bad-drip-labs
Laffy - Bad SALT - 30mL,https://www.elementvape.com/laffy-bad-salt
Caramelized Apple - The Pancake House - GOST Vapor - 100mL,https://www.elementvape.com/caramel-apple-the-pancake-house
ICED Dew Berry - Hi-Drip SALTS - 30mL,https://www.elementvape.com/iced-dew-berry-hi-drip-salts
ICED Peachy Mango - Hi-Drip SALTS - 30mL,https://www.elementvape.com/iced-peachy-mango-hi-drip-salts
ICED Island Orange - Hi-Drip SALTS - 30mL,https://www.elementvape.com/iced-island-orange-hi-drip-salts
ICED Melon Patch - Hi-Drip SALTS - 30mL,https://www.elementvape.com/iced-melon-patch-hi-drip-salts
ICED Dew Berry - Hi-Drip - 100mL,https://www.elementvape.com/iced-dew-berry-hi-drip
ICED Peachy Mango - Hi-Drip - 100mL,https://www.elementvape.com/iced-peachy-mango-hi-drip
ICED Island Orange - Hi-Drip - 100mL,https://www.elementvape.com/iced-island-orange-hi-drip
ICED Melon Patch - Hi-Drip - 100mL,https://www.elementvape.com/iced-melon-patch-hi-drip
Dew Berry - Hi-Drip - 100mL,https://www.elementvape.com/dew-berry-hi-drip
Peachy Mango - Hi-Drip - 100mL,https://www.elementvape.com/peachy-mango-hi-drip
Island Orange - Hi-Drip - 100mL,https://www.elementvape.com/island-orange-hi-drip
Melon Patch - Hi-Drip - 100mL,https://www.elementvape.com/melon-patch-hi-drip
Punch Berry - Sadboy Salts - 30mL,https://www.elementvape.com/punch-berry-blood-sadboy-salt
Punch Berry - Sadboy - 100mL,https://www.elementvape.com/punch-berry-blood-sadboy
Strawberry Blood - Sadboy - 100mL,https://www.elementvape.com/strawberry-blood-sadboy
ICED Red Razz - Juice Roll-Upz SALT - 30mL,https://www.elementvape.com/red-razz-juice-roll-upz-salt-30ml
Red Razz - Juice Roll-Upz - 120mL,https://www.elementvape.com/red-razz-juice-roll-upz-120ml
VTR - Humble Salts - 30mL,https://www.elementvape.com/vtr-salts-humble-juice-co-30ml
Berry Blow Doe - Humble Salts - 30mL,https://www.elementvape.com/berry-blow-doe-salts-humble-juice
ICE Lemon Drops - Candy King On Ice - 100mL,https://www.elementvape.com/lemon-drops-candy-king-on-ice-100ml
ICE Pink Squares - Candy King On Ice - 100mL,https://www.elementvape.com/pink-squares-candy-king-on-ice-100ml
HYPE - Sour Apple Dust - Propaganda E-Liquids - 100mL,https://www.elementvape.com/hype-sour-apple-dust-propaganda-e-liquids-100ml
Sour Green Apple - It's Pixy - Shijin Vapor - 100mL,https://www.elementvape.com/sour-green-apple-it-s-pixy-shijin-vapor-100ml
Strawberry Rolls - Candy King On Salt - 30mL,https://www.elementvape.com/strawberry-rolls-candy-king-on-salt-30ml
Hard Apple - Candy King - 100mL,https://www.elementvape.com/hard-apple-candy-king-ejuice-100ml
Strawberry Rolls - Candy King - 100mL,https://www.elementvape.com/strawberry-rolls-candy-king-ejuice-100ml
Tortoise OTR - Shijin Vapor - 100mL,https://www.elementvape.com/tortoise-otr-shijin-vapor-100ml
Bubblegum - Vape Dinner Lady E-Liquid - 60mL,https://www.elementvape.com/tuck-shop-bubble-trouble-dinner-lady-e-liquids-60ml
Lemon Sherbets - Vape Dinner Lady E-Liquid - 60mL,https://www.elementvape.com/tuck-shop-lemon-sherbets-dinner-lady-e-liquid-60ml
ICE VTR - Humble Juice Co. - 120mL,https://www.elementvape.com/ice-v-t-r-humble-juice
Strawberry Watermelon - Pachamama SALTS - 30mL,https://www.elementvape.com/strawberry-watermelon-pachamama-salts
ICE Berry Blow Doe - Humble Juice - 120mL,https://www.elementvape.com/ice-berry-blow-doe-humble-juice
Frozen Mystery Pop - Mighty Vapors Salts - 30mL,https://www.elementvape.com/frozen-mystery-pop-salt-mighty-vapors-30ml
Mystery Pop - Mighty Vapors Salts - 30mL,https://www.elementvape.com/mystery-pop-salt-mighty-vapors-30ml
Berry Bomb - VGOD SaltNic - 30mL,https://www.elementvape.com/berry-bomb-vgod-saltnic-30ml
Apple Bomb - VGOD SaltNic - 30mL,https://www.elementvape.com/apple-bomb-vgod-saltnic-30ml
Berry Rush - Air Factory SALTS - 30mL,https://www.elementvape.com/berry-rush-air-factory-salts
Cotton Clouds - Pod Juice - 30mL,https://www.elementvape.com/cotton-burst-pod-juice
Berry Dweebz - Candy King On Salt - 30mL,https://www.elementvape.com/berry-dweebz-candy-king-on-salt-30ml
Berry Dweebz - Candy King - 100mL,https://www.elementvape.com/berry-dweebz-candy-king-ejuice-100ml
Green No. 1 - Twist SALT E-Liquid - 60mL,https://www.elementvape.com/honeydew-melon-chew-twist-salt
Strawberry Grape - Cloud Nurdz - 100mL,https://www.elementvape.com/grape-straw-cloud-nurdz
ICED Apple Grape - Cloud Nurdz - 100mL,https://www.elementvape.com/iced-grape-apple-cloud-nurdz
Blue Raspberry Peach - Cloud Nurdz - 100mL,https://www.elementvape.com/peach-blue-razz-cloud-nurdz
Straw Berry Lemon - Cloud Nurdz - 100mL,https://www.elementvape.com/straw-lemon-cloud-nurdz
ICED Peach Blue Raspberry - Cloud Nurdz - 100mL,https://www.elementvape.com/iced-peach-blue-razz-cloud-nurdz
Apple Watermelon - Cloud Nurdz - 100mL,https://www.elementvape.com/water-apple-cloud-nurdz
ICED Apple Watermelon - Cloud Nurdz - 100mL,https://www.elementvape.com/iced-watermelon-apple-cloud-nurdz
Pink Burst - Pod Juice - 30mL,https://www.elementvape.com/pink-burst-pod-juice
Apple Peach Sour Rings - The Finest Candy Edition Salt Nic - 30mL,https://www.elementvape.com/apple-peach-sour-rings-finest-saltnic
Straw Melon Sour Belts - The Finest Candy Edition Salt Nic - 30mL,https://www.elementvape.com/strawmelon-sour-belts-finest-saltnic
Mighty Mint - VGOD SaltNic - 30mL,//www.elementvape.com/mighty-mint-vgod-saltnic-30ml
SourLicious - VGOD E-Liquid - 60mL,https://www.elementvape.com/sourlicious-vgod-e-liquid-60ml
Berry Bomb - VGOD E-Liquid - 60mL,https://www.elementvape.com/berry-bomb-vgod-e-liquid-60ml
Watermelon Lime - Juice Head - 100mL,https://www.elementvape.com/watermelon-lime-juice-head
Pink Squares - Candy King On Salt - 30mL,https://www.elementvape.com/pink-squares-candy-king-on-salt-30ml
Peachy Rings - Candy King On Salt - 30mL,https://www.elementvape.com/peachy-rings-candy-king-on-salt-30ml
Lemon Drops - Candy King On Salt - 30mL,https://www.elementvape.com/lemon-drops-candy-king-on-salt-30ml
Swedish - Candy King On Salt - 30mL,https://www.elementvape.com/swedish-candy-king-on-salt-30ml
Strawberry Watermelon Bubblegum - Candy King On Salt - 30mL,https://www.elementvape.com/strawberry-watermelon-bubblegum-candy-king-on-salt-30ml
Belts Strawberry - Candy King On Salt - 30mL,https://www.elementvape.com/strawberry-belts-candy-king-on-salt-30ml
Berry Rush - Air Factory - 60mL,https://www.elementvape.com/berry-rush-air-factory
Lush Ice - VGOD SaltNic - 30mL,https://www.elementvape.com/lush-ice-vgod-saltnic-30ml
Luscious - VGOD SaltNic - 30mL,https://www.elementvape.com/luscious-vgod-saltnic-30ml
Watermelon Punch - Juice Roll-Upz SALT - 30mL,https://www.elementvape.com/watermelon-punch-juice-roll-upz-salt-30ml
Strawberry - Juice Roll-Upz SALT - 30mL,https://www.elementvape.com/strawberry-juice-roll-upz-salt-60ml
Grape ICE - Juice Roll-Upz E-Liquid - 100mL,https://www.elementvape.com/grape-ice-juice-roll-upz-e-liquid-60ml
Watermelon Punch ICE - Juice Roll-Upz - 100mL,https://www.elementvape.com/watermelon-punch-ice-juice-roll-upz-e-liquid-60ml
Blue Raspberry ICE - Juice Roll-Upz E-Liquid - 100mL,https://www.elementvape.com/blue-raspberry-ice-juice-roll-upz-e-liquid-60ml
Blue Raspberry - Pod Juice - 30mL,https://www.elementvape.com/blue-raspberry-pod-juice
Mix Berry - Air Factory SALTS eLiquids - 30mL,https://www.elementvape.com/mix-berry-air-factory-salts
Apple Peach Sour Rings MENTHOL - The Finest Candy Edition - 120mL,https://www.elementvape.com/apple-peach-sour-rings-on-ice-finest
Blue-Berries Lemon Swirl MENTHOL - The Finest Candy Edition - 120mL,https://www.elementvape.com/blue-berries-lemon-swirl-on-ice-finest
Straw Melon Sour Belts MENTHOL - The Finest Candy Edition - 120mL,https://www.elementvape.com/straw-melon-sour-belts-on-ice-finest
Sweet Strawberry - I Love Salts - 30mL,https://www.elementvape.com/strawberry-candy-i-love-salts
Pink Squares - Candy King - 100mL,https://www.elementvape.com/pink-squares-candy-king-ejuice-100ml
Peachy Rings - Candy King - 100mL,https://www.elementvape.com/peachy-rings-candy-king-ejuice-100ml
Lemon Drops - Candy King - 100mL,https://www.elementvape.com/lemon-drops-candy-king-ejuice-100ml
Apple Peach Sour Rings - The Finest Candy Edition - 120mL,https://www.elementvape.com/apple-peach-sour-rings-finest
Blueberry Lemon Swirl - Finest Sweet & Sour - 100mL,https://www.elementvape.com/blue-berries-lemon-swirl-finest
Straw Melon Sour Belts - The Finest Candy Edition - 120mL,https://www.elementvape.com/straw-melon-sour-belts-finest
Grape - Jam Monster Liquids - 100mL,https://www.elementvape.com/grape-jam-monster
Strawberry Blast - BSX Series - 60mL,https://www.elementvape.com/basix-strawberry-blast-glas
Butterscotch Reserve - BSX Series - 60mL,https://www.elementvape.com/basix-butterscotch-reserve-glas
Banana - FRYD E-Liquid - 120mL,https://www.elementvape.com/banana-fryd
Blue Razz - Air Factory - 60mL,https://www.elementvape.com/blue-razz-by-air-factory-e-liquid
Strawberry Kiwi - Air Factory - 60mL,https://www.elementvape.com/strawberry-kiwi-air-factory
ICE Strawberry Watermelon Bubblegum - Candy King On Ice - 100mL,https://www.elementvape.com/strawberry-watermelon-bubblegum-candy-king-on-ice-100ml
ICE Worms - Candy King On Ice - 100mL,https://www.elementvape.com/sour-worm-candy-king-on-ice-ejuice-100ml
ICE Belts Strawberry - Candy King On Ice - 100mL,https://www.elementvape.com/strawberry-belts-candy-king-on-ice-ejuice-100ml
ICE Batch - Candy King On Ice - 100mL,https://www.elementvape.com/batch-candy-king-on-ice-ejuice-100ml
Strawberry ICE - Juice Roll-Upz - 100mL,https://www.elementvape.com/strawberry-ice-by-juice-roll-upz-60ml
Magic Man - One Hit Wonder - 100mL,https://www.elementvape.com/magic-man-one-hit-wonder
Strawberry Candy - BLVK - 60mL,https://www.elementvape.com/unichew-by-blvk-unicorn-60ml
Strawberry - Naked 100 Fusion - 60mL,https://www.elementvape.com/strawberry-naked-100-fusion
Swedish - Candy King - 100mL,https://www.elementvape.com/swedish-by-candy-king-ejuice-100ml
Strawberry Watermelon Bubblegum - Candy King - 100mL,https://www.elementvape.com/strawberry-watermelon-by-candy-king-ejuice-100ml
Worms - Candy King - 100mL,https://www.elementvape.com/catalog/product/view/id/1991/s/sour-worm-by-candy-king-ejuice-100ml/category/18/
Belts Strawberry - Candy King - 100mL,https://www.elementvape.com/strawberry-belts-by-candy-king-ejuice-100ml
Don't Care Bear - Bad Drip Labs - 60mL,https://www.elementvape.com/don-t-care-bear-bad-drip
Farley's Gnarly Sauce - Bad Drip Labs - 60mL,https://www.elementvape.com/farley-s-gnarly-sauce-bad-drip
Carnival - Blue Cotton Candy by Juice Roll-Upz - 100mL,https://www.elementvape.com/carnival-blue-cotton-candy-by-juice-roll-upz-100ml
Guava Pop - The Mamasan - 100mL,https://www.elementvape.com/guava-pop-by-the-mamasan-100ml
ASAP - The Mamasan - 100mL,https://www.elementvape.com/a-s-a-p-by-the-mamasan-100ml
No 24 - Beard Vape Co - 120mL,https://www.elementvape.com/no-24-beard-vape
Strawberry - Juice Roll-Upz - 100mL,https://www.elementvape.com/strawberry-by-juice-roll-upz-eliquids
Blue Raspberry - Juice Roll-Upz - 100mL,https://www.elementvape.com/blue-raspberry-by-juice-roll-upz-eliquids
Jewel Mint - Pod Juice - 30mL,//www.elementvape.com/cool-mint-pod-juice
Jewel Tobacco - Pod Juice - 30mL,//www.elementvape.com/jewel-tobacco-pod-juice
Yellow Peach - Twist E-Liquid - 120mL,//www.elementvape.com/peach-blossom-lemonade-by-lemon-twist-120ml
Butterscotch - Custard Monster Salts - 30mL,//www.elementvape.com/butterscotch-custard-monster-salt
Butterscotch - Custard Monster - 100mL,//www.elementvape.com/butterscotch-custard-monster
Strawberry Banana - ELF VPR3000 Salts - 30mL,//www.elementvape.com/strawberry-banana-elf-vpr3000-salts
Unicorn Milk - Cuttwood - 120mL,//www.elementvape.com/unicorn-milk-cuttwood
Strawberry Cream - Juice Head - 100mL,//www.elementvape.com/strawberry-cream-juice-head
Spearmint - I Love Salts - 30mL,//www.elementvape.com/spearmint-gum-i-love-salts
